StudyHours,SleepHours,Distance,PreviousAttendance,Participation,HealthIssue,Attendance
9,7,22,67,1,0,Medium
2,4,14,78,0,1,Good
5,5,16,70,0,1,Medium
9,6,10,96,0,0,Good
3,4,23,75,1,0,Medium
5,7,17,79,1,0,Good
5,9,28,96,0,0,Good
5,8,19,71,0,1,Medium
8,8,24,49,1,0,Low
10,5,3,74,1,0,Medium
9,4,2,69,1,0,Medium
1,5,19,71,1,0,Medium
10,6,17,78,0,1,Good
2,7,23,78,1,0,Good
6,4,5,90,0,1,Good
3,5,6,98,0,1,Good
9,8,29,58,1,1,Medium
3,8,11,69,1,0,Medium
1,8,15,70,1,1,Medium
6,8,12,65,1,1,Medium
6,7,21,74,0,1,Medium
8,9,1,93,0,0,Good
9,5,5,48,0,1,Low
5,7,21,97,1,1,Good
6,4,18,76,0,1,Good
2,5,23,80,1,1,Good
2,5,19,64,1,0,Medium
9,9,22,51,0,0,Low
1,5,6,90,0,0,Good
6,5,30,82,0,1,Good
5,4,28,56,0,1,Medium
2,9,14,61,0,1,Medium
8,6,18,56,0,1,Medium
7,7,16,100,1,0,Good
2,4,26,100,1,0,Good
1,9,21,47,1,1,Low
8,4,21,74,0,0,Medium
9,6,3,50,0,0,Low
3,8,11,54,0,0,Low
4,9,15,56,0,1,Medium
10,7,18,68,1,1,Medium
1,5,18,78,0,0,Good
9,9,26,91,0,1,Good
4,6,24,79,1,0,Good
7,6,2,52,0,1,Low
6,7,26,81,0,0,Good
1,9,15,64,0,1,Medium
4,8,10,48,0,1,Low
3,8,10,90,1,0,Good
4,8,23,95,0,1,Good
1,7,30,92,0,1,Good
2,9,16,66,0,0,Medium
8,5,25,76,0,0,Good
3,6,25,44,1,1,Low
8,6,4,90,1,1,Good
3,5,7,86,0,1,Good
10,6,2,82,1,1,Good
3,8,16,42,0,0,Low
9,7,4,94,1,0,Good
8,4,26,85,0,0,Good
8,7,16,62,1,0,Medium
1,4,12,84,1,0,Good
9,8,20,64,0,1,Medium
2,7,21,48,1,1,Low
7,6,19,63,0,1,Medium
5,9,14,63,1,0,Medium
10,5,3,71,0,0,Medium
5,9,6,45,0,1,Low
5,4,10,93,0,1,Good
5,6,8,59,1,0,Medium
7,7,27,62,0,0,Medium
3,6,20,81,1,0,Good
7,9,1,42,0,0,Low
9,5,29,100,0,0,Good
1,7,28,92,1,1,Good
8,5,30,87,0,1,Good
7,5,12,78,0,0,Good
1,9,30,47,1,1,Low
10,4,23,54,0,1,Low
8,7,27,96,0,0,Good
2,5,21,97,1,1,Good
2,9,17,58,0,0,Medium
3,8,25,61,1,1,Medium
2,8,29,76,0,1,Good
1,5,19,57,0,1,Medium
6,5,13,80,0,1,Good
5,6,28,99,1,0,Good
6,5,26,64,0,1,Medium
1,7,17,44,1,1,Low
7,5,22,84,0,0,Good
5,9,19,93,0,1,Good
1,4,14,70,0,1,Medium
8,5,28,99,1,0,Good
1,5,10,73,0,1,Medium
10,8,3,62,0,0,Medium
3,7,29,88,1,0,Good
9,9,27,88,1,0,Good
1,9,23,59,0,1,Medium
3,6,16,41,1,0,Low
5,4,25,69,0,0,Medium
8,8,11,47,0,0,Low
2,5,26,88,1,0,Good
5,5,15,42,1,0,Low
8,4,16,69,0,1,Medium
4,4,1,89,0,0,Good
7,7,6,98,1,1,Good
1,7,28,48,0,1,Low
6,9,16,60,0,1,Medium
6,7,17,77,0,1,Good
7,5,7,79,0,0,Good
1,7,9,68,0,1,Medium
7,8,29,64,1,1,Medium
7,6,10,42,0,1,Low
3,7,11,61,0,1,Medium
6,6,26,53,1,0,Low
9,5,13,72,0,0,Medium
7,5,10,78,1,1,Good
6,8,15,44,0,0,Low
7,6,21,92,0,0,Good
6,6,9,73,0,1,Medium
2,8,20,94,1,0,Good
9,6,27,81,1,1,Good
1,9,10,43,1,0,Low
9,7,13,88,1,1,Good
1,4,8,63,1,1,Medium
10,9,16,84,1,0,Good
5,9,17,64,0,1,Medium
5,7,4,86,0,1,Good
8,4,24,64,0,0,Medium
8,9,2,60,0,0,Medium
5,5,25,69,0,0,Medium
1,6,8,45,1,1,Low
7,6,27,55,0,0,Low
9,6,15,50,1,1,Low
2,9,3,51,0,1,Low
3,7,22,44,0,1,Low
5,8,25,92,0,1,Good
1,7,5,62,1,1,Medium
6,7,12,91,0,1,Good
5,6,6,49,0,0,Low
3,4,27,40,0,0,Low
5,4,14,74,0,0,Medium
9,5,30,55,0,0,Low
2,5,28,62,1,1,Medium
8,6,1,78,1,0,Good
4,5,12,68,0,0,Medium
2,6,8,73,0,0,Medium
9,7,13,94,1,1,Good
4,9,26,72,1,0,Medium
3,9,12,100,0,0,Good
3,9,7,61,1,0,Medium
2,8,27,88,0,0,Good
10,6,5,40,0,0,Low
8,8,16,83,0,0,Good
6,5,18,55,0,0,Low
6,8,20,86,1,0,Good
8,6,5,47,0,1,Low
4,6,17,83,1,0,Good
1,4,15,97,1,0,Good
6,8,9,48,0,1,Low
4,6,29,99,0,0,Good
4,4,29,41,0,0,Low
3,6,28,79,0,0,Good
9,7,29,96,1,1,Good
7,7,26,42,1,1,Low
4,9,28,50,1,0,Low
4,7,23,50,1,1,Low
2,6,9,51,0,1,Low
1,5,29,80,0,1,Good
9,8,2,53,1,0,Low
7,5,14,61,0,0,Medium
4,5,18,79,0,1,Good
7,5,8,63,1,0,Medium
2,5,17,84,1,1,Good
6,5,2,75,0,1,Medium
6,6,12,72,0,0,Medium
4,6,1,67,0,1,Medium
8,4,17,71,1,1,Medium
9,4,30,56,0,1,Medium
8,4,20,56,0,1,Medium
7,6,19,82,0,0,Good
5,5,21,76,0,0,Good
8,5,16,79,1,0,Good
2,8,26,67,0,0,Medium
3,6,10,70,0,1,Medium
1,7,2,57,1,1,Medium
6,8,17,43,0,1,Low
8,5,11,84,1,0,Good
10,7,13,42,0,1,Low
10,4,17,98,0,0,Good
10,5,8,44,1,0,Low
9,5,25,58,1,0,Medium
2,7,6,88,0,1,Good
7,5,18,89,0,1,Good
2,5,28,59,1,1,Medium
2,7,29,53,1,1,Low
4,9,15,63,0,1,Medium
4,4,21,90,1,0,Good
6,9,30,68,0,0,Medium
8,9,28,89,0,0,Good
7,4,15,63,0,1,Medium
10,8,11,89,0,0,Good
9,4,22,56,0,1,Medium
2,8,29,91,0,1,Good
2,4,24,44,0,1,Low
7,6,26,79,1,1,Good
2,5,26,51,1,0,Low
6,8,8,61,1,0,Medium
5,5,2,94,1,1,Good
4,5,22,49,0,1,Low
7,8,23,41,1,1,Low
2,5,5,79,0,0,Good
5,7,7,52,1,1,Low
7,7,18,47,1,0,Low
8,6,14,75,1,0,Medium
5,7,1,70,1,0,Medium
5,9,19,63,1,1,Medium
8,7,11,86,0,0,Good
5,7,16,47,0,1,Low
8,8,20,71,1,0,Medium
9,6,28,48,0,1,Low
7,9,15,51,0,0,Low
7,4,16,73,0,0,Medium
5,5,15,87,0,1,Good
6,5,8,52,0,1,Low
5,9,13,96,1,1,Good
3,8,2,70,0,1,Medium
5,6,30,73,1,1,Medium
2,6,20,94,1,0,Good
5,7,14,71,1,1,Medium
10,8,14,40,0,0,Low
3,8,28,71,0,1,Medium
5,8,25,84,0,0,Good
1,8,1,59,1,1,Medium
5,6,13,70,1,0,Medium
10,7,6,83,0,1,Good
1,7,25,87,0,1,Good
8,7,5,98,0,1,Good
7,8,25,74,1,0,Medium
10,9,15,86,0,1,Good
5,8,28,83,1,1,Good
1,4,19,85,1,1,Good
4,9,13,42,1,0,Low
4,6,4,97,1,1,Good
7,4,18,72,1,0,Medium
1,7,20,98,0,1,Good
5,9,2,94,0,0,Good
1,7,7,73,0,1,Medium
9,5,5,74,0,1,Medium
4,8,28,86,1,1,Good
5,5,27,83,0,1,Good
2,7,18,84,0,1,Good
2,4,9,47,0,1,Low
6,4,26,90,1,1,Good
3,5,20,89,1,1,Good
8,9,21,55,0,1,Low
4,5,22,47,1,0,Low
5,6,4,46,0,0,Low
7,7,21,69,0,0,Medium
3,8,17,75,0,0,Medium
9,7,15,40,1,1,Low
7,4,17,93,0,1,Good
1,6,18,84,0,1,Good
1,5,22,63,0,1,Medium
7,7,7,45,1,0,Low
4,7,22,48,1,1,Low
3,5,18,52,1,1,Low
8,7,15,66,0,1,Medium
2,5,5,58,0,1,Medium
2,9,7,61,1,1,Medium
9,8,7,90,1,1,Good
8,6,16,63,1,1,Medium
1,7,2,93,1,0,Good
2,8,18,81,1,1,Good
6,4,2,91,1,1,Good
9,4,18,58,0,0,Medium
6,5,30,47,1,0,Low
7,4,29,84,1,1,Good
8,9,19,46,0,0,Low
5,7,5,75,1,0,Medium
6,5,24,70,0,0,Medium
5,6,21,65,1,0,Medium
9,7,22,88,1,0,Good
7,4,20,49,0,0,Low
4,5,28,74,1,0,Medium
3,9,2,48,0,0,Low
6,8,25,62,1,0,Medium
2,4,15,62,0,1,Medium
6,7,20,81,0,1,Good
8,5,27,76,0,1,Good
7,6,6,63,0,0,Medium
5,8,26,99,0,1,Good
4,7,14,40,1,1,Low
1,7,9,58,1,1,Medium
10,6,13,56,1,1,Medium
6,4,8,41,1,1,Low
3,6,10,61,0,0,Medium
7,5,22,98,0,0,Good
7,9,2,65,0,1,Medium
5,9,14,90,0,1,Good
9,7,17,57,0,1,Medium
5,5,1,80,1,0,Good
8,7,8,87,0,1,Good
1,4,11,96,0,1,Good
6,6,10,79,1,1,Good
2,8,16,67,1,1,Medium
8,5,26,72,1,0,Medium
3,7,26,43,0,1,Low
5,6,25,80,0,1,Good
1,7,20,45,1,0,Low
3,5,11,72,1,1,Medium
2,5,21,50,0,1,Low
6,7,18,86,1,0,Good
1,6,27,57,0,0,Medium
8,5,22,92,0,1,Good
8,9,27,95,1,0,Good
8,8,13,86,1,1,Good
9,7,8,93,1,0,Good
6,5,11,93,0,1,Good
7,9,10,89,0,0,Good
6,7,23,93,0,1,Good
3,8,24,69,0,1,Medium
9,5,22,72,0,1,Medium
1,8,6,49,1,1,Low
2,7,29,94,0,0,Good
1,4,27,72,1,0,Medium
8,9,8,80,0,1,Good
5,6,20,61,1,1,Medium
1,8,20,85,0,1,Good
5,9,18,69,0,0,Medium
3,6,18,68,1,0,Medium
7,7,13,48,0,0,Low
2,5,18,79,1,1,Good
4,7,10,63,1,1,Medium
1,4,12,47,0,1,Low
2,4,22,91,0,0,Good
1,9,8,63,0,1,Medium
2,4,12,82,1,0,Good
6,9,27,54,0,0,Low
5,4,27,95,1,1,Good
7,7,7,61,1,1,Medium
5,7,4,98,1,0,Good
4,6,2,57,1,1,Medium
6,7,3,78,0,0,Good
10,7,21,55,1,0,Low
5,6,6,79,0,1,Good
7,6,21,67,0,1,Medium
1,9,25,98,1,1,Good
9,6,19,78,0,1,Good
3,5,6,76,0,1,Good
10,9,25,99,0,0,Good
8,6,15,93,1,0,Good
9,5,14,61,0,1,Medium
9,5,29,72,1,1,Medium
1,6,19,62,1,0,Medium
9,8,6,93,1,1,Good
7,6,26,68,1,1,Medium
4,7,6,46,0,1,Low
9,8,8,73,0,1,Medium
7,7,25,52,0,0,Low
5,9,13,69,0,1,Medium
6,7,16,71,1,0,Medium
7,5,7,72,0,0,Medium
9,9,3,87,1,1,Good
2,9,12,61,1,1,Medium
2,6,25,57,1,1,Medium
10,9,13,82,1,0,Good
7,8,25,59,1,0,Medium
4,8,3,74,0,1,Medium
10,9,20,66,1,1,Medium
5,6,7,76,1,0,Good
6,5,11,54,1,0,Low
2,6,4,97,1,0,Good
8,6,11,89,1,0,Good
7,5,24,55,1,1,Low
5,9,25,74,0,0,Medium
2,7,5,68,1,1,Medium
5,9,5,55,0,1,Low
6,8,9,64,1,0,Medium
7,8,30,63,0,1,Medium
10,7,3,83,1,0,Good
8,8,14,69,1,1,Medium
7,9,4,92,0,0,Good
8,7,5,58,1,0,Medium
10,9,10,89,1,0,Good
7,6,17,85,1,1,Good
10,6,14,53,0,1,Low
7,4,18,69,0,1,Medium
6,9,1,42,1,1,Low
7,8,7,48,1,1,Low
6,5,29,44,0,0,Low
8,8,12,71,0,1,Medium
7,5,21,69,0,0,Medium
8,6,28,55,1,0,Low
3,8,7,51,1,1,Low
3,7,15,94,0,1,Good
3,5,6,58,0,0,Medium
1,4,19,44,0,0,Low
6,5,8,83,1,1,Good
4,4,8,63,0,0,Medium
2,8,15,100,0,0,Good
6,6,9,57,1,0,Medium
6,4,7,63,0,0,Medium
1,7,4,41,0,1,Low
7,4,6,85,0,1,Good
4,8,23,62,1,1,Medium
9,6,25,78,1,1,Good
10,8,24,94,0,1,Good
8,8,18,73,0,1,Medium
1,9,11,69,0,0,Medium
8,6,7,82,0,1,Good
7,9,30,96,0,0,Good
6,4,13,79,1,1,Good
10,8,7,77,1,1,Good
10,9,15,44,1,1,Low
4,5,22,82,1,0,Good
2,7,19,99,1,0,Good
6,6,3,86,1,0,Good
7,9,23,86,1,0,Good
9,7,22,95,0,0,Good
10,9,22,80,1,0,Good
10,5,2,56,1,0,Medium
3,9,2,41,0,1,Low
7,9,5,95,0,1,Good
8,9,12,59,1,1,Medium
6,4,21,66,0,1,Medium
1,6,2,50,0,0,Low
7,6,14,76,0,1,Good
6,8,5,91,0,0,Good
2,8,9,99,1,0,Good
5,4,21,43,1,0,Low
10,7,21,90,0,0,Good
1,9,3,85,0,1,Good
8,9,1,50,1,1,Low
5,7,9,88,1,1,Good
2,8,10,78,0,1,Good
6,9,2,82,0,0,Good
9,6,3,70,1,1,Medium
2,7,12,79,0,1,Good
5,5,25,73,0,1,Medium
8,6,22,96,1,1,Good
5,4,24,41,0,1,Low
1,8,24,91,1,1,Good
8,9,21,67,1,0,Medium
7,9,17,97,0,0,Good
8,4,27,62,1,1,Medium
5,7,11,93,0,0,Good
2,9,29,67,1,1,Medium
4,6,1,95,1,1,Good
10,9,20,93,0,1,Good
3,6,16,53,1,0,Low
9,4,10,84,1,1,Good
1,9,11,86,0,0,Good
2,6,21,41,1,1,Low
9,9,25,42,0,1,Low
2,9,24,79,1,1,Good
8,8,26,71,1,1,Medium
10,7,25,58,1,0,Medium
7,5,8,54,1,1,Low
3,8,9,68,0,0,Medium
10,4,29,41,0,0,Low
9,6,17,81,1,0,Good
3,4,19,51,0,0,Low
6,5,17,59,1,1,Medium
7,5,19,93,0,0,Good
4,4,20,58,0,0,Medium
9,7,5,95,1,1,Good
8,7,10,81,1,1,Good
2,6,23,65,1,0,Medium
5,4,25,80,0,1,Good
1,5,6,45,1,1,Low
3,7,14,80,0,0,Good
10,8,1,71,0,0,Medium
6,4,15,57,0,0,Medium
4,5,17,45,1,0,Low
4,5,14,84,0,0,Good
9,5,9,84,0,1,Good
1,9,9,66,1,0,Medium
10,7,19,93,0,0,Good
1,9,20,67,1,0,Medium
4,5,27,94,1,1,Good
9,8,8,49,1,1,Low
8,8,12,99,0,0,Good
8,9,2,43,1,1,Low
1,8,28,86,0,0,Good
10,4,10,52,1,0,Low
5,8,1,100,0,0,Good
1,6,19,69,0,0,Medium
8,4,20,56,0,1,Medium
1,9,20,42,1,1,Low
1,5,11,73,1,1,Medium
1,6,27,77,1,1,Good
7,9,20,68,0,1,Medium
4,4,20,58,1,1,Medium
1,6,29,72,1,1,Medium
9,9,20,91,1,0,Good
3,4,6,64,1,0,Medium
9,7,22,91,0,0,Good
10,5,17,97,1,1,Good
4,7,2,77,1,1,Good
1,5,20,53,0,1,Low
6,5,3,79,1,0,Good
10,8,8,46,0,0,Low
2,8,17,84,0,0,Good
5,9,25,91,0,1,Good
8,4,22,79,0,0,Good
4,5,15,56,1,1,Medium
6,8,11,75,0,0,Medium
10,9,17,74,0,0,Medium
9,7,8,90,1,1,Good
7,8,29,91,0,1,Good
1,9,8,40,1,0,Low
8,6,19,64,1,0,Medium
8,4,16,54,1,0,Low
9,6,25,46,1,1,Low
10,8,24,70,0,0,Medium
5,5,4,49,1,1,Low
4,7,7,83,1,1,Good
5,4,18,79,0,1,Good
9,7,23,72,0,0,Medium
5,6,28,84,0,0,Good
10,7,14,87,0,1,Good
7,6,15,58,1,0,Medium
8,5,16,40,0,0,Low
3,7,20,68,1,1,Medium
7,4,24,77,0,1,Good
2,7,1,40,1,0,Low
6,4,30,68,1,0,Medium
8,9,28,63,0,1,Medium
4,9,13,81,0,1,Good
6,9,7,59,0,0,Medium
5,6,21,49,0,1,Low
3,8,29,74,1,1,Medium
6,8,18,73,0,0,Medium
2,7,30,82,0,1,Good
2,6,5,44,1,1,Low
2,7,28,85,0,1,Good
10,5,13,48,1,0,Low
7,7,13,85,1,1,Good
3,8,13,78,0,1,Good
3,4,28,69,1,0,Medium
9,6,12,86,1,1,Good
3,6,15,44,0,0,Low
8,9,2,84,0,1,Good
4,7,12,85,0,1,Good
2,5,11,88,1,0,Good
6,7,15,86,1,0,Good
7,7,12,99,1,1,Good
1,9,8,88,0,1,Good
8,8,3,91,1,0,Good
5,8,19,61,1,1,Medium
2,5,1,70,1,1,Medium
9,5,7,59,1,1,Medium
10,8,5,82,1,1,Good
5,5,17,80,0,1,Good
10,5,21,44,1,0,Low
5,4,4,78,1,1,Good
7,8,7,68,0,1,Medium
10,6,30,95,0,0,Good
8,6,18,78,1,0,Good
3,7,15,57,1,0,Medium
7,7,28,84,0,1,Good
5,4,28,55,1,0,Low
2,9,16,78,0,0,Good
1,4,25,95,0,1,Good
4,6,21,91,0,1,Good
1,9,17,45,0,1,Low
8,7,15,59,1,0,Medium
5,7,7,91,0,0,Good
4,7,29,62,0,1,Medium
3,7,15,94,1,0,Good
7,7,24,43,1,1,Low
8,6,11,88,0,0,Good
5,8,30,52,0,0,Low
9,9,20,44,0,0,Low
8,6,2,88,1,0,Good
3,7,24,96,1,1,Good
2,7,9,98,0,0,Good
2,8,17,80,0,0,Good
10,9,26,88,1,1,Good
1,5,20,98,1,1,Good
2,8,18,70,1,1,Medium
10,5,25,56,0,1,Medium
10,4,21,95,0,0,Good
4,5,20,41,1,0,Low
8,7,18,61,0,0,Medium
6,9,19,72,0,0,Medium
3,4,23,63,0,0,Medium
10,8,7,70,0,1,Medium
3,8,25,95,0,0,Good
9,8,10,88,0,1,Good
2,7,21,44,1,0,Low
5,4,14,72,0,1,Medium
4,7,22,47,1,0,Low
9,9,24,79,1,0,Good
5,5,7,59,0,1,Medium
7,7,15,41,0,0,Low
6,4,5,75,1,0,Medium
8,4,9,48,1,0,Low
4,9,14,61,1,0,Medium
9,6,5,47,1,0,Low
3,9,7,78,0,1,Good
9,4,21,73,0,0,Medium
7,4,21,47,1,0,Low
1,6,24,56,0,1,Medium
4,9,21,93,1,1,Good
9,9,7,77,1,1,Good
7,7,13,81,1,1,Good
1,9,5,51,0,0,Low
7,5,8,75,1,0,Medium
2,5,13,70,1,1,Medium
5,9,2,88,0,1,Good
4,6,6,67,0,0,Medium
9,7,10,61,0,1,Medium
3,8,3,88,0,0,Good
4,8,16,91,1,1,Good
1,5,11,69,1,1,Medium
10,6,4,50,1,0,Low
7,6,1,98,0,1,Good
2,5,4,46,1,0,Low
10,5,5,60,1,1,Medium
4,7,21,80,1,0,Good
10,4,29,65,0,0,Medium
7,8,9,42,1,1,Low
4,4,29,89,1,0,Good
6,6,12,89,1,1,Good
5,8,25,73,0,1,Medium
2,4,20,60,0,1,Medium
7,6,16,69,0,0,Medium
10,6,18,63,1,1,Medium
3,8,3,63,1,1,Medium
6,7,20,49,1,0,Low
10,5,7,49,0,0,Low
4,8,1,44,1,1,Low
6,8,25,56,1,0,Medium
6,6,10,71,1,1,Medium
5,4,3,74,1,1,Medium
8,4,1,66,1,1,Medium
9,8,10,72,1,0,Medium
1,4,21,65,1,1,Medium
4,9,6,66,0,1,Medium
8,8,1,89,0,1,Good
8,4,2,48,1,1,Low
5,4,24,71,1,1,Medium
6,4,7,56,0,1,Medium
10,9,9,96,0,1,Good
6,9,1,66,0,0,Medium
3,9,23,97,1,1,Good
4,6,12,83,0,1,Good
6,4,5,64,0,0,Medium
9,9,9,87,1,0,Good
2,9,20,59,1,0,Medium
8,6,18,53,1,0,Low
8,7,15,63,0,0,Medium
2,8,30,89,1,1,Good
5,5,27,95,0,1,Good
8,5,4,46,0,0,Low
10,8,2,77,1,1,Good
1,5,5,51,1,1,Low
3,7,22,59,0,1,Medium
6,8,26,97,1,1,Good
7,5,21,98,1,0,Good
1,8,17,57,0,0,Medium
2,4,1,40,0,0,Low
5,9,17,99,1,1,Good
7,9,14,84,1,1,Good
1,6,30,100,0,1,Good
9,8,25,58,0,1,Medium
5,9,14,87,0,0,Good
10,9,10,58,1,1,Medium
7,5,14,94,1,1,Good
4,7,14,81,1,1,Good
6,5,7,81,0,1,Good
7,4,14,61,0,0,Medium
9,5,15,64,0,1,Medium
7,8,21,52,1,0,Low
5,5,15,74,0,0,Medium
7,6,14,53,0,1,Low
10,7,6,90,0,0,Good
9,5,13,40,1,0,Low
8,7,3,85,0,1,Good
9,9,22,57,1,0,Medium
5,8,7,90,0,0,Good
1,5,17,44,0,1,Low
5,5,29,93,1,0,Good
2,9,22,65,0,0,Medium
8,4,20,62,1,1,Medium
3,9,19,47,0,0,Low
3,8,14,92,0,1,Good
1,5,25,62,1,1,Medium
3,6,22,85,1,1,Good
7,5,14,80,0,1,Good
10,7,27,45,1,1,Low
9,4,28,64,0,0,Medium
4,5,19,43,0,0,Low
3,6,22,44,1,1,Low
3,8,8,99,1,0,Good
2,9,24,78,1,1,Good
1,7,26,81,1,0,Good
6,4,1,56,1,0,Medium
6,6,6,40,0,0,Low
5,7,20,63,0,0,Medium
2,6,18,51,0,0,Low
4,5,14,67,1,0,Medium
3,7,5,77,1,1,Good
8,7,25,82,0,1,Good
4,9,30,80,0,1,Good
6,6,11,70,0,0,Medium
6,9,23,73,0,1,Medium
9,4,7,86,0,0,Good
1,7,13,73,1,0,Medium
5,6,3,67,1,1,Medium
7,4,22,91,0,0,Good
1,8,19,91,0,1,Good
1,7,29,45,1,1,Low
8,7,21,71,1,1,Medium
5,6,24,45,0,1,Low
10,7,22,44,1,1,Low
3,7,12,58,1,0,Medium
6,6,13,76,1,0,Good
9,7,14,93,1,1,Good
2,5,12,61,0,1,Medium
8,6,28,72,0,1,Medium
5,8,21,51,0,1,Low
3,4,20,74,0,0,Medium
10,9,24,44,1,0,Low
5,5,10,73,1,1,Medium
6,5,18,58,0,0,Medium
4,7,14,42,0,0,Low
3,8,25,45,1,0,Low
5,6,13,91,0,0,Good
8,6,30,44,1,1,Low
8,7,8,42,0,1,Low
1,5,26,57,0,1,Medium
9,8,25,94,1,1,Good
10,4,22,64,1,1,Medium
1,4,20,97,0,0,Good
6,4,15,44,0,1,Low
7,5,6,73,0,0,Medium
9,6,29,57,1,0,Medium
4,8,14,62,1,1,Medium
7,5,22,88,0,0,Good
4,9,1,100,0,0,Good
8,6,6,76,1,1,Good
2,9,26,76,1,0,Good
3,8,18,57,0,1,Medium
9,4,15,73,0,1,Medium
2,4,27,55,1,1,Low
2,8,12,63,1,1,Medium
9,8,15,83,1,1,Good
8,8,13,45,1,0,Low
7,5,2,58,0,1,Medium
9,8,5,75,1,0,Medium
9,4,17,68,1,1,Medium
1,9,24,54,1,1,Low
1,9,18,60,0,0,Medium
10,6,16,100,1,1,Good
6,5,5,55,1,1,Low
8,5,1,93,0,1,Good
9,9,12,96,1,0,Good
10,6,23,61,0,1,Medium
6,7,8,75,1,0,Medium
8,4,12,72,1,1,Medium
10,5,29,44,1,1,Low
6,6,30,96,1,0,Good
6,4,1,83,0,0,Good
4,7,10,53,1,1,Low
6,4,20,55,1,0,Low
6,9,26,97,1,0,Good
5,5,26,86,0,0,Good
8,9,9,63,0,1,Medium
9,7,13,65,0,1,Medium
5,7,12,67,0,0,Medium
2,7,21,83,0,1,Good
3,5,5,47,1,0,Low
7,4,5,95,0,0,Good
1,8,13,78,1,0,Good
10,7,2,86,1,0,Good
8,5,28,40,0,1,Low
6,8,26,41,1,1,Low
3,9,24,67,0,1,Medium
5,4,30,89,1,0,Good
9,8,28,76,0,1,Good
4,5,4,46,0,1,Low
1,8,14,62,0,1,Medium
1,5,7,78,0,1,Good
5,5,12,89,1,1,Good
3,4,21,65,0,1,Medium
9,9,24,74,0,1,Medium
3,4,11,85,1,0,Good
9,7,28,64,1,0,Medium
2,7,11,42,0,1,Low
4,4,25,79,0,1,Good
2,5,28,52,0,1,Low
3,8,27,67,1,0,Medium
3,4,5,92,1,0,Good
5,4,4,96,1,0,Good
4,6,15,90,0,1,Good
6,8,19,40,0,0,Low
4,5,25,45,0,0,Low
1,9,25,53,0,1,Low
4,8,9,99,1,0,Good
6,6,26,92,1,0,Good
9,6,2,70,0,1,Medium
7,5,24,89,1,1,Good
4,7,4,94,0,1,Good
2,8,16,72,1,0,Medium
7,4,29,52,1,0,Low
10,4,26,55,0,0,Low
4,8,23,74,0,0,Medium
4,9,17,85,0,1,Good
4,5,11,95,0,1,Good
5,9,12,53,0,0,Low
4,8,24,50,0,0,Low
8,8,22,63,0,0,Medium
1,4,20,44,0,0,Low
9,8,25,64,1,0,Medium
3,5,26,65,1,1,Medium
10,7,2,70,1,1,Medium
7,6,17,46,1,1,Low
4,9,5,74,0,0,Medium
4,5,23,47,0,0,Low
10,8,20,44,0,0,Low
9,7,19,52,1,0,Low
3,6,7,52,0,0,Low
1,4,19,93,1,0,Good
10,8,30,60,0,0,Medium
2,4,19,91,1,1,Good
10,4,3,54,1,1,Low
8,8,27,62,1,0,Medium
10,6,10,59,1,0,Medium
6,4,12,100,0,0,Good
5,7,18,65,0,1,Medium
3,5,11,98,0,0,Good
6,8,1,50,0,1,Low
10,8,25,94,1,0,Good
2,4,16,43,0,0,Low
7,5,8,69,0,0,Medium
7,7,13,60,1,0,Medium
10,5,7,67,1,0,Medium
3,8,14,52,0,1,Low
7,9,21,72,1,1,Medium
9,5,9,75,0,1,Medium
6,5,6,77,1,1,Good
4,7,30,73,0,1,Medium
7,8,29,61,1,1,Medium
2,7,29,62,1,0,Medium
8,4,15,97,0,1,Good
2,6,20,67,0,0,Medium
6,9,27,100,1,0,Good
8,9,9,49,0,1,Low
7,7,24,75,0,0,Medium
6,9,21,81,1,0,Good
6,7,7,42,1,0,Low
2,9,29,80,1,0,Good
6,4,8,45,1,0,Low
4,7,30,51,0,0,Low
6,5,25,44,0,1,Low
6,6,15,95,0,0,Good
7,5,15,92,0,1,Good
1,4,4,68,1,1,Medium
9,6,13,75,0,1,Medium
7,9,1,70,1,0,Medium
9,5,17,78,0,0,Good
7,9,16,65,0,1,Medium
2,9,18,97,0,0,Good
8,7,19,67,1,1,Medium
5,9,10,52,0,0,Low
8,5,28,66,1,1,Medium
4,8,8,42,1,0,Low
7,6,1,69,1,1,Medium
7,7,23,68,1,1,Medium
6,9,10,46,0,1,Low
10,5,2,67,0,1,Medium
6,7,4,90,0,1,Good
1,6,1,85,1,1,Good
8,5,5,74,1,1,Medium
3,8,28,93,0,0,Good
9,8,2,92,0,1,Good
7,7,1,63,0,0,Medium
5,7,22,56,1,1,Medium
5,4,2,100,0,1,Good
2,7,17,66,1,0,Medium
8,8,17,88,0,1,Good
8,7,7,47,1,0,Low
8,6,7,73,1,1,Medium
6,7,11,55,0,1,Low
6,8,12,45,0,0,Low
6,6,9,49,1,0,Low
8,5,24,40,1,1,Low
1,8,7,55,0,0,Low
7,5,16,68,0,1,Medium
9,6,17,72,0,0,Medium
6,4,5,81,1,0,Good
8,6,19,65,0,1,Medium
3,4,4,81,0,1,Good
3,9,13,76,1,0,Good
8,7,18,44,1,1,Low
7,6,13,98,0,1,Good
9,4,6,40,1,1,Low
1,4,4,52,1,1,Low
9,6,30,73,1,0,Medium
7,7,8,49,0,1,Low
8,4,6,64,0,1,Medium
2,4,14,87,0,1,Good
10,7,29,88,1,1,Good
6,4,27,66,1,0,Medium
4,6,26,79,1,0,Good
5,8,18,97,1,1,Good
1,7,14,75,0,0,Medium
3,5,5,74,1,1,Medium
1,7,28,88,1,1,Good
4,9,7,48,0,1,Low
2,7,15,47,0,0,Low
8,4,28,53,0,1,Low
5,9,14,89,0,0,Good
6,7,27,68,1,0,Medium
8,7,22,97,1,0,Good
8,9,14,82,0,1,Good
9,7,8,80,0,1,Good
4,6,6,51,0,1,Low
7,8,9,52,1,0,Low
5,8,4,60,1,1,Medium
8,9,7,92,0,0,Good
7,6,26,59,1,0,Medium
1,7,12,68,0,0,Medium
2,5,5,44,0,0,Low
6,5,17,88,1,0,Good
4,7,23,69,1,1,Medium
8,7,27,54,0,1,Low
7,7,16,100,0,1,Good
2,4,22,80,1,0,Good
4,4,27,72,1,1,Medium
9,9,13,69,0,0,Medium
10,7,3,96,1,1,Good
4,8,2,98,0,1,Good
5,8,3,81,1,1,Good
7,5,18,85,0,1,Good
8,6,6,55,0,0,Low
5,4,3,62,1,1,Medium
9,9,7,78,0,1,Good
7,8,17,97,1,0,Good
3,6,14,43,1,0,Low
5,4,28,91,0,0,Good
8,5,30,71,1,0,Medium
8,6,8,61,1,1,Medium
2,9,30,52,1,0,Low
10,7,14,69,0,1,Medium
5,7,12,41,1,0,Low
2,8,16,59,1,0,Medium
1,6,17,57,0,1,Medium
6,8,26,40,0,1,Low
9,9,15,76,1,1,Good
6,5,4,93,0,0,Good
8,8,7,72,0,1,Medium
6,4,13,41,1,1,Low
1,6,4,87,0,0,Good
4,6,10,93,1,1,Good
8,6,3,79,1,1,Good
9,7,4,98,1,1,Good
7,7,17,83,0,1,Good
9,9,6,77,0,0,Good
3,5,28,85,1,1,Good
2,5,23,100,1,0,Good
9,4,26,60,0,1,Medium
10,4,10,61,1,0,Medium
9,6,28,40,1,0,Low
9,9,10,43,0,1,Low
3,5,29,86,0,0,Good
6,8,19,47,0,0,Low
6,6,7,85,0,1,Good
1,8,2,46,0,1,Low
8,9,14,80,0,1,Good
5,9,30,55,0,0,Low
5,9,11,53,1,0,Low
5,4,26,99,1,0,Good
2,9,7,73,0,1,Medium
9,9,1,98,1,0,Good
10,5,9,100,0,0,Good
10,4,2,74,1,0,Medium
2,9,13,88,0,1,Good
10,4,26,86,1,0,Good
4,7,13,58,0,0,Medium
6,4,20,93,0,1,Good
5,9,22,96,0,0,Good
1,9,20,48,0,0,Low
10,7,21,72,1,1,Medium
7,6,3,85,1,1,Good
10,7,21,48,0,1,Low
1,4,28,60,0,1,Medium
1,4,12,61,0,1,Medium
4,6,7,69,1,0,Medium
10,4,10,65,1,1,Medium
5,8,8,48,1,0,Low
5,9,1,47,1,1,Low
10,7,5,51,1,1,Low
1,4,5,69,1,1,Medium
9,8,7,100,0,0,Good
9,4,13,96,1,1,Good
8,9,22,74,0,0,Medium
2,8,19,63,0,0,Medium
7,8,9,48,1,0,Low
5,5,8,67,0,0,Medium
5,9,27,63,0,1,Medium
9,7,7,98,1,0,Good
6,4,18,64,1,1,Medium
4,7,26,55,0,1,Low
4,6,20,56,0,0,Medium
5,4,30,83,0,1,Good
8,4,4,83,1,1,Good
8,9,21,46,0,1,Low
3,5,3,47,1,1,Low
3,5,13,69,1,1,Medium
1,7,15,49,1,1,Low
6,4,4,97,0,1,Good
8,6,24,74,0,1,Medium
3,4,30,42,0,1,Low
5,9,23,79,1,1,Good
2,5,26,91,1,1,Good
8,6,22,40,0,0,Low
4,5,30,82,0,1,Good
2,5,20,93,0,1,Good
5,7,17,89,0,0,Good
2,8,10,51,0,0,Low
5,6,27,85,0,0,Good
9,7,26,91,1,1,Good
10,8,4,95,1,1,Good
4,6,6,69,1,0,Medium
1,8,14,70,0,0,Medium
2,7,27,89,0,1,Good
3,8,29,46,0,0,Low
4,7,29,48,0,1,Low
9,5,30,77,1,0,Good
7,5,2,45,0,0,Low
7,5,10,54,1,1,Low
9,8,24,85,0,1,Good
7,4,30,72,1,0,Medium
1,6,3,99,0,1,Good
6,9,29,67,1,0,Medium
5,4,4,69,0,1,Medium
2,5,24,86,0,0,Good
5,8,27,74,0,1,Medium
2,6,19,83,0,0,Good
4,7,10,78,1,0,Good
4,6,5,76,0,1,Good
7,7,16,47,1,0,Low
1,8,18,77,0,0,Good
5,7,25,100,0,0,Good
6,6,11,77,0,0,Good
10,9,3,69,1,0,Medium
2,5,19,53,0,1,Low
6,7,23,41,1,0,Low
7,6,30,82,0,0,Good
3,7,26,60,0,0,Medium
3,4,6,81,0,0,Good
9,6,9,66,1,0,Medium
10,9,10,56,0,0,Medium
2,4,25,56,0,0,Medium
10,8,23,85,1,1,Good
10,5,5,86,1,1,Good
2,9,29,99,1,1,Good
9,5,20,52,1,1,Low
6,8,9,59,1,0,Medium
8,8,6,56,0,1,Medium
8,8,6,98,0,1,Good
8,7,5,77,0,0,Good
4,5,27,49,1,0,Low
8,6,22,82,1,1,Good
8,5,14,77,1,0,Good
1,4,13,79,1,0,Good
5,7,2,55,0,0,Low
7,5,21,84,1,1,Good
5,7,19,100,0,0,Good
3,4,19,47,0,0,Low
7,6,13,81,1,1,Good
3,6,22,62,0,0,Medium
6,4,30,73,0,0,Medium
7,4,14,87,0,0,Good
2,7,7,89,0,1,Good
4,4,30,99,0,0,Good
2,8,17,63,1,0,Medium
2,9,6,58,0,0,Medium
9,5,2,96,0,0,Good
5,7,19,89,1,0,Good
2,7,29,100,0,1,Good
5,8,4,51,1,0,Low
10,9,29,66,1,1,Medium
3,6,7,73,0,0,Medium
9,9,27,83,0,1,Good
2,8,4,64,0,1,Medium
2,6,21,79,1,1,Good
4,4,29,62,1,0,Medium
1,9,4,46,1,0,Low
4,4,19,100,0,0,Good
2,6,8,92,0,0,Good
5,7,15,54,0,0,Low
1,6,3,58,1,1,Medium
9,9,15,59,1,0,Medium
9,9,21,93,1,1,Good
7,6,12,72,0,1,Medium
6,7,13,59,1,0,Medium
8,6,29,81,0,0,Good
2,6,19,69,1,1,Medium
2,8,6,43,0,0,Low
7,7,21,49,0,1,Low
7,6,14,99,0,1,Good
1,9,17,94,0,1,Good
1,9,14,49,0,0,Low
1,7,9,76,0,1,Good
3,6,10,52,1,1,Low
8,8,26,53,0,0,Low
9,4,23,79,1,1,Good
10,5,17,57,1,1,Medium
3,9,23,62,0,1,Medium
8,7,26,97,0,1,Good
5,6,15,69,0,1,Medium
1,8,26,72,1,0,Medium
5,6,11,49,1,1,Low
10,6,11,70,1,0,Medium
4,9,8,94,1,0,Good
7,9,25,86,1,0,Good
2,7,23,62,0,1,Medium
7,5,30,43,0,0,Low
6,6,28,60,0,1,Medium
4,6,28,50,1,1,Low
9,9,2,63,0,1,Medium
7,5,4,84,1,0,Good
7,5,6,56,0,0,Medium
9,8,11,46,0,1,Low
6,6,27,99,1,0,Good
8,5,21,61,0,1,Medium
9,4,13,64,0,0,Medium
5,9,15,51,0,0,Low
8,6,8,63,0,0,Medium
6,6,17,88,0,0,Good
5,9,23,72,0,0,Medium
6,9,1,93,0,0,Good
7,7,10,67,1,1,Medium
4,4,26,67,1,1,Medium
1,8,10,70,0,0,Medium
2,4,12,49,0,0,Low
4,9,17,86,0,1,Good
2,4,25,57,0,1,Medium
4,6,15,55,1,1,Low
2,7,20,83,0,0,Good
5,8,6,44,1,1,Low
3,6,27,41,1,0,Low
4,9,26,58,1,1,Medium
7,8,18,56,0,0,Medium
9,8,14,56,0,1,Medium
10,5,10,64,0,0,Medium
7,6,5,69,0,0,Medium
6,5,11,98,1,0,Good
8,8,2,87,1,0,Good
9,8,3,66,1,0,Medium
6,7,18,90,0,1,Good
6,8,13,64,0,1,Medium
10,4,10,58,0,0,Medium
6,5,20,78,0,0,Good
8,7,28,58,0,1,Medium
3,4,29,74,0,1,Medium
6,7,14,90,0,0,Good
2,4,24,81,1,1,Good
10,5,19,99,1,1,Good
5,8,3,85,1,0,Good
3,7,29,77,1,0,Good
3,9,19,51,1,0,Low
6,8,26,58,1,0,Medium
1,4,20,53,0,1,Low
7,8,7,80,1,1,Good
2,7,6,46,0,0,Low
1,5,20,99,0,0,Good
7,9,15,53,1,0,Low
2,8,24,98,0,1,Good
7,7,15,52,1,0,Low
1,5,7,79,1,1,Good
10,8,13,70,0,0,Medium
5,6,15,97,0,0,Good
2,4,17,93,0,0,Good
7,5,26,54,1,1,Low
6,8,30,93,1,1,Good
4,7,4,63,0,1,Medium
4,5,27,65,1,1,Medium
3,9,29,97,0,1,Good
3,7,11,77,0,0,Good
7,4,16,66,1,1,Medium
2,6,27,77,0,1,Good
5,4,3,67,0,0,Medium
3,8,27,72,0,0,Medium
5,9,11,52,0,1,Low
4,5,21,52,1,0,Low
3,6,4,64,0,1,Medium
5,9,10,72,1,1,Medium
3,6,1,66,0,1,Medium
3,4,23,47,0,1,Low
3,6,12,46,0,1,Low
1,8,25,83,0,0,Good
10,9,8,88,0,0,Good
4,8,3,40,1,0,Low
5,6,23,84,0,1,Good
7,9,27,95,1,0,Good
3,9,20,45,0,1,Low
10,7,7,68,0,1,Medium
1,8,2,98,0,1,Good
1,7,22,59,0,0,Medium
9,5,23,45,1,1,Low
5,6,26,78,0,1,Good
2,4,20,90,0,0,Good
7,6,25,67,0,0,Medium
10,6,18,83,0,1,Good
7,6,26,59,1,1,Medium
1,9,30,84,1,0,Good
6,5,9,53,1,1,Low
5,6,6,41,1,1,Low
10,8,19,61,1,1,Medium
4,6,9,92,0,0,Good
9,4,1,96,1,1,Good
9,9,6,40,0,0,Low
10,7,9,76,1,1,Good
8,5,6,47,1,0,Low
4,5,13,60,1,1,Medium
8,7,5,99,0,1,Good
1,6,4,95,0,1,Good
7,4,17,80,0,1,Good
6,7,9,93,0,1,Good
8,7,20,52,0,1,Low
10,6,6,84,0,1,Good
7,8,18,74,0,0,Medium
2,8,28,64,1,1,Medium
6,9,9,82,0,1,Good
9,5,28,64,1,0,Medium
3,5,5,94,0,1,Good
2,4,8,52,1,1,Low
6,6,4,80,0,1,Good
9,5,15,82,0,0,Good
2,5,28,65,1,0,Medium
6,8,20,56,0,1,Medium
6,8,29,93,0,0,Good
3,4,30,50,1,0,Low
5,7,5,76,0,0,Good
4,6,19,58,1,0,Medium
9,7,18,52,1,0,Low
10,9,2,100,0,1,Good
10,9,8,57,1,0,Medium
4,5,16,95,1,0,Good
3,7,18,76,0,0,Good
2,8,27,48,1,0,Low
10,6,10,77,0,1,Good
8,7,14,54,1,0,Low
5,4,20,91,0,0,Good
2,9,22,78,0,1,Good
5,5,4,63,1,0,Medium
7,7,15,97,1,1,Good
6,6,10,47,0,0,Low
8,8,29,85,1,1,Good
4,9,8,88,1,1,Good
10,8,9,90,1,0,Good
1,5,10,68,1,0,Medium
5,4,25,66,0,0,Medium
3,7,9,54,0,0,Low
7,8,6,89,1,1,Good
3,4,19,83,0,1,Good
4,8,4,66,0,0,Medium
6,4,1,53,1,0,Low
3,4,8,80,0,0,Good
3,8,12,59,0,1,Medium
8,5,22,55,1,0,Low
6,5,23,53,0,0,Low
3,8,5,49,1,1,Low
8,9,30,62,1,1,Medium
7,6,21,40,0,1,Low
3,5,2,42,1,0,Low
4,5,9,61,0,0,Medium
9,9,23,73,1,0,Medium
4,4,25,58,1,0,Medium
2,8,19,45,0,0,Low
3,4,8,93,1,0,Good
4,7,24,95,1,0,Good
7,8,26,77,1,1,Good
5,7,1,100,0,0,Good
7,6,24,68,1,1,Medium
5,7,12,67,1,1,Medium
8,8,11,63,0,1,Medium
3,7,20,60,0,0,Medium
3,7,10,68,0,0,Medium
9,6,4,45,1,0,Low
4,5,18,96,1,1,Good
10,5,20,66,0,0,Medium
10,7,3,65,0,0,Medium
2,9,15,56,1,1,Medium
2,4,27,70,0,1,Medium
7,4,21,54,0,0,Low
8,8,9,93,0,0,Good
5,4,7,53,0,0,Low
6,8,10,86,1,0,Good
2,6,17,91,0,0,Good
10,8,20,93,1,0,Good
7,5,14,42,1,0,Low
4,5,19,56,0,1,Medium
10,5,20,69,0,0,Medium
1,7,1,44,0,1,Low
3,8,5,45,1,1,Low
7,9,1,42,1,0,Low
9,9,8,87,1,1,Good
6,8,16,83,1,1,Good
7,9,22,77,1,1,Good
1,6,5,71,1,1,Medium
1,7,1,91,1,0,Good
2,8,13,68,1,1,Medium
5,4,23,44,1,1,Low
7,5,7,99,0,1,Good
2,5,8,84,0,0,Good
9,5,22,67,0,0,Medium
8,5,6,59,0,1,Medium
4,5,14,100,1,1,Good
7,7,9,75,1,1,Medium
9,5,28,49,0,0,Low
4,8,10,56,1,1,Medium
6,8,1,70,0,0,Medium
6,5,16,57,1,1,Medium
10,4,13,58,1,1,Medium
7,4,13,61,1,0,Medium
2,6,10,76,0,0,Good
4,5,23,67,1,1,Medium
3,8,21,64,0,0,Medium
4,8,14,99,1,0,Good
6,5,28,89,0,0,Good
9,8,9,89,0,0,Good
6,9,26,76,0,1,Good
5,8,27,90,1,1,Good
5,8,5,43,1,0,Low
6,8,9,78,1,1,Good
3,4,16,47,0,0,Low
3,8,18,76,1,0,Good
8,6,1,84,1,0,Good
10,9,19,81,0,0,Good
4,6,12,54,0,1,Low
4,5,23,58,1,1,Medium
3,6,10,96,1,0,Good
3,8,14,64,1,0,Medium
1,9,22,81,0,1,Good
2,5,11,53,1,0,Low
1,9,27,54,1,1,Low
5,6,15,41,1,0,Low
5,9,14,45,1,1,Low
1,6,26,50,0,1,Low
7,7,16,53,0,0,Low
3,5,29,47,0,0,Low
3,9,21,90,1,0,Good
6,5,2,46,1,1,Low
10,6,30,86,0,0,Good
9,6,30,71,1,1,Medium
8,7,27,56,0,0,Medium
4,9,12,77,1,1,Good
9,6,29,78,0,1,Good
7,9,14,92,0,1,Good
4,7,24,48,1,0,Low
6,5,10,53,0,0,Low
4,5,20,86,0,1,Good
4,8,23,42,0,0,Low
1,4,16,51,1,1,Low
6,5,10,47,1,0,Low
8,7,22,86,1,1,Good
10,6,25,84,1,0,Good
7,5,2,85,1,0,Good
1,7,8,40,0,1,Low
10,7,13,42,1,1,Low
1,9,2,70,1,1,Medium
2,4,21,53,0,0,Low
2,4,5,76,0,1,Good
10,6,30,85,1,0,Good
10,9,3,58,1,0,Medium
4,9,16,62,0,1,Medium
4,5,6,65,0,0,Medium
5,8,6,53,1,1,Low
8,9,23,56,0,1,Medium
6,5,24,91,1,1,Good
10,6,21,79,0,1,Good
9,7,6,63,0,1,Medium
10,5,27,53,1,0,Low
4,8,20,65,0,0,Medium
8,6,1,41,0,0,Low
2,9,16,78,0,1,Good
8,7,11,44,1,0,Low
7,8,30,97,0,0,Good
4,8,4,94,1,0,Good
5,4,20,42,0,0,Low
7,9,16,42,0,0,Low
6,9,7,46,0,1,Low
8,8,23,43,1,0,Low
8,7,23,55,0,1,Low
9,4,13,90,1,0,Good
10,9,28,74,0,0,Medium
9,5,27,86,1,0,Good
8,5,24,40,0,0,Low
5,6,2,91,1,1,Good
8,4,20,45,0,0,Low
8,7,11,42,1,0,Low
5,8,11,83,0,0,Good
2,4,27,80,0,0,Good
9,8,2,63,0,0,Medium
4,7,8,79,1,0,Good
2,9,22,62,1,1,Medium
6,8,5,46,0,0,Low
8,8,1,99,1,1,Good
5,9,24,95,1,0,Good
7,7,8,94,1,0,Good
8,9,6,52,0,0,Low
4,4,19,66,1,0,Medium
10,7,30,44,1,0,Low
9,7,22,42,1,0,Low
7,9,28,52,0,0,Low
8,5,27,95,1,0,Good
4,6,29,77,1,1,Good
5,5,30,91,1,0,Good
6,9,20,98,1,0,Good
10,4,6,89,1,0,Good
10,9,19,86,1,1,Good
8,7,22,45,0,0,Low
4,9,15,95,0,1,Good
10,8,18,100,0,1,Good
8,5,16,73,0,0,Medium
6,9,15,43,0,1,Low
9,8,3,77,1,1,Good
1,5,3,52,0,1,Low
9,7,30,91,0,1,Good
1,8,23,52,0,0,Low
1,8,27,98,1,0,Good
2,6,18,90,1,0,Good
8,6,6,64,0,1,Medium
8,7,11,49,1,1,Low
4,7,7,50,0,0,Low
2,9,27,42,0,1,Low
6,8,11,68,0,1,Medium
3,8,11,41,1,0,Low
5,6,17,56,1,0,Medium
1,8,22,78,0,1,Good
10,8,24,59,0,1,Medium
4,8,27,78,1,0,Good
10,4,7,87,1,1,Good
7,7,3,40,1,1,Low
2,8,25,79,0,0,Good
3,6,21,95,1,1,Good
1,9,12,79,0,0,Good
1,5,1,40,1,0,Low
2,8,5,75,1,0,Medium
1,5,21,72,0,0,Medium
10,9,15,54,0,1,Low
2,7,5,96,1,1,Good
2,7,30,66,1,0,Medium
8,9,10,70,0,0,Medium
5,8,23,70,1,1,Medium
3,5,28,61,1,0,Medium
2,5,16,96,0,1,Good
10,9,1,54,1,1,Low
10,6,17,60,0,0,Medium
10,6,22,43,0,1,Low
5,6,23,98,1,1,Good
5,7,4,41,1,0,Low
2,8,24,79,0,0,Good
4,7,1,52,0,0,Low
1,8,7,45,0,1,Low
4,6,15,69,1,0,Medium
5,7,5,71,0,0,Medium
2,5,1,73,1,1,Medium
3,6,27,84,0,1,Good
6,5,9,76,1,0,Good
8,7,11,95,0,1,Good
4,4,12,76,1,0,Good
6,9,2,48,1,0,Low
3,5,10,53,1,1,Low
1,4,3,89,1,0,Good
5,9,2,45,1,1,Low
4,9,29,84,0,1,Good
7,7,26,69,1,0,Medium
3,8,13,81,0,1,Good
10,6,1,71,0,0,Medium
7,6,29,94,0,0,Good
2,6,3,81,0,1,Good
8,6,22,74,0,1,Medium
4,7,23,91,1,1,Good
10,6,7,60,0,1,Medium
10,7,8,54,0,1,Low
7,8,12,41,1,1,Low
9,5,23,57,1,0,Medium
10,8,3,100,0,0,Good
3,7,23,59,0,1,Medium
2,5,8,91,1,0,Good
8,7,13,67,1,0,Medium
5,5,4,69,0,1,Medium
3,5,18,77,1,0,Good
5,4,9,97,1,1,Good
3,6,7,51,1,0,Low
9,7,9,91,1,1,Good
3,5,3,69,0,1,Medium
4,8,14,59,0,1,Medium
9,4,24,90,0,0,Good
8,4,10,40,0,0,Low
7,7,19,71,1,1,Medium
5,8,25,97,0,0,Good
3,5,17,53,0,0,Low
4,4,2,87,1,1,Good
3,7,19,96,1,1,Good
1,7,8,42,1,0,Low
8,4,21,98,0,0,Good
8,6,21,70,0,1,Medium
6,7,30,53,1,1,Low
9,9,25,53,0,0,Low
10,8,21,51,0,0,Low
2,6,21,80,1,0,Good
5,4,9,92,1,1,Good
4,8,24,52,1,1,Low
5,4,15,56,0,1,Medium
9,4,28,74,0,0,Medium
7,6,11,73,0,0,Medium
5,5,2,51,0,0,Low
10,7,30,40,0,1,Low
8,9,23,80,1,0,Good
5,7,18,49,0,0,Low
2,8,29,65,0,0,Medium
9,7,12,69,1,1,Medium
8,8,21,46,1,0,Low
5,6,8,77,1,1,Good
8,9,12,91,1,0,Good
5,8,8,70,0,0,Medium
3,8,28,62,1,1,Medium
4,7,13,77,0,1,Good
4,6,29,70,0,0,Medium
7,4,14,42,0,1,Low
5,7,15,97,0,1,Good
3,4,10,72,0,0,Medium
9,7,2,82,0,0,Good
3,4,24,69,1,1,Medium
3,8,7,49,0,0,Low
10,7,27,47,0,1,Low
2,4,25,69,1,1,Medium
5,5,6,83,0,1,Good
5,9,17,61,1,0,Medium
6,9,9,70,0,1,Medium
4,9,2,76,0,0,Good
5,8,19,83,1,0,Good
10,4,13,89,0,1,Good
9,9,19,84,1,0,Good
10,7,9,67,0,0,Medium
1,4,7,62,1,1,Medium
6,4,16,93,1,0,Good
10,4,28,41,0,1,Low
10,6,26,61,1,0,Medium
4,7,28,56,1,1,Medium
10,9,1,43,0,0,Low
5,5,10,90,0,0,Good
1,6,11,100,0,1,Good
4,5,16,74,1,0,Medium
10,6,19,53,1,0,Low
9,6,30,89,1,0,Good
9,4,9,70,1,0,Medium
4,8,20,78,1,1,Good
4,9,29,67,1,0,Medium
6,5,19,94,0,1,Good
1,4,28,60,0,0,Medium
1,5,8,87,0,1,Good
7,9,19,54,1,0,Low
1,6,22,61,0,1,Medium
10,7,26,93,0,0,Good
8,5,10,81,1,0,Good
8,6,17,40,1,1,Low
3,4,28,92,1,0,Good
3,7,14,97,1,1,Good
4,8,15,65,1,1,Medium
10,8,20,97,1,0,Good
4,5,25,47,1,1,Low
2,8,7,87,0,1,Good
2,6,3,94,0,1,Good
4,9,8,99,1,0,Good
3,4,13,50,0,0,Low
5,9,9,94,1,1,Good
3,6,8,92,1,1,Good
9,7,14,40,0,0,Low
8,9,9,51,1,1,Low
1,9,29,100,1,0,Good
5,7,23,48,0,0,Low
9,8,19,73,1,1,Medium
8,6,6,61,1,0,Medium
4,4,12,65,0,0,Medium
7,8,21,92,0,0,Good
9,7,16,86,0,0,Good
5,5,14,81,0,0,Good
1,8,22,74,1,1,Medium
7,5,19,86,1,0,Good
8,4,17,70,1,0,Medium
1,6,26,96,0,1,Good
1,9,11,86,0,1,Good
5,9,17,89,1,0,Good
9,8,1,92,0,1,Good
1,5,3,40,0,0,Low
5,9,26,54,1,0,Low
9,8,18,71,1,1,Medium
1,7,27,76,0,0,Good
3,4,11,76,1,1,Good
6,4,25,91,1,1,Good
7,4,1,58,0,0,Medium
10,4,23,48,0,0,Low
6,7,21,97,0,1,Good
3,9,18,95,0,0,Good
2,5,2,95,1,0,Good
1,9,28,67,1,1,Medium
1,5,28,59,1,0,Medium
1,6,21,46,1,0,Low
5,8,27,50,0,1,Low
3,5,12,43,1,1,Low
5,6,14,53,0,0,Low
2,7,7,52,0,1,Low
8,6,1,62,0,1,Medium
6,9,13,90,0,0,Good
5,4,27,71,0,0,Medium
3,7,14,47,0,1,Low
4,4,19,84,0,1,Good
10,4,22,53,1,1,Low
6,9,19,43,1,0,Low
7,4,10,59,1,1,Medium
6,6,3,91,1,0,Good
9,4,25,75,0,1,Medium
5,7,4,91,0,1,Good
2,7,24,66,0,0,Medium
2,8,16,81,1,0,Good
5,8,7,93,0,0,Good
4,7,20,69,0,1,Medium
10,6,24,86,1,1,Good
10,8,4,72,0,1,Medium
10,6,25,53,0,0,Low
2,6,29,90,1,1,Good
1,5,8,64,1,1,Medium
5,4,28,88,1,1,Good
5,4,12,84,1,0,Good
3,5,8,58,0,1,Medium
3,9,16,55,1,1,Low
6,4,12,65,1,1,Medium
2,8,3,42,1,1,Low
10,4,15,75,0,1,Medium
5,7,20,95,1,0,Good
5,7,16,92,0,0,Good
8,6,19,96,0,1,Good
3,9,6,93,1,0,Good
7,7,15,94,1,1,Good
10,5,15,69,1,0,Medium
3,4,19,46,0,1,Low
7,9,6,55,0,1,Low
1,7,24,81,0,0,Good
2,7,7,89,1,0,Good
7,7,29,67,1,0,Medium
2,8,12,76,1,0,Good
6,4,25,72,0,1,Medium
10,4,15,78,0,0,Good
4,9,19,47,0,1,Low
3,8,19,62,1,0,Medium
1,6,16,84,1,0,Good
10,7,5,43,1,0,Low
6,9,25,94,1,0,Good
6,8,13,92,1,1,Good
1,7,6,58,0,0,Medium
9,7,29,51,0,1,Low
7,7,1,65,0,0,Medium
4,4,20,42,1,1,Low
5,6,3,56,0,0,Medium
8,7,28,76,1,1,Good
4,8,26,62,0,1,Medium
4,5,23,52,1,1,Low
9,7,6,69,0,0,Medium
1,5,30,43,0,1,Low
4,7,24,86,1,0,Good
5,9,25,51,1,1,Low
9,9,30,78,0,1,Good
8,5,11,74,0,1,Medium
9,6,25,67,0,1,Medium
10,8,2,86,1,0,Good
1,7,6,55,1,1,Low
8,9,28,71,1,1,Medium
1,9,13,67,0,1,Medium
8,8,15,86,0,1,Good
6,9,1,81,1,0,Good
4,7,25,40,1,0,Low
1,5,26,52,0,0,Low
6,4,21,49,1,0,Low
10,8,19,51,1,0,Low
9,6,16,84,1,1,Good
8,8,7,77,1,0,Good
8,7,28,40,0,0,Low
7,7,19,82,0,0,Good
9,8,5,82,1,1,Good
8,6,29,42,1,0,Low
7,6,5,64,0,1,Medium
7,8,4,52,0,1,Low
9,6,17,57,0,0,Medium
9,7,20,52,0,0,Low
5,4,3,97,1,1,Good
1,6,26,56,1,1,Medium
10,5,9,61,0,1,Medium
3,8,11,67,1,1,Medium
7,4,20,49,0,0,Low
3,4,13,97,1,0,Good
10,6,20,48,0,0,Low
9,5,5,74,0,1,Medium
5,8,7,95,1,1,Good
4,8,15,80,0,0,Good
10,8,24,76,0,0,Good
8,7,11,87,0,1,Good
8,5,11,58,0,0,Medium
4,8,26,47,0,0,Low
10,6,30,64,1,1,Medium
6,4,23,59,0,1,Medium
1,7,10,66,0,0,Medium
6,9,24,73,0,0,Medium
5,4,27,74,0,0,Medium
4,5,26,88,0,0,Good
2,7,3,53,0,1,Low
10,6,24,43,0,1,Low
6,7,28,40,0,1,Low
6,6,4,85,0,0,Good
8,7,23,82,0,1,Good
6,6,6,42,1,1,Low
1,5,9,89,0,1,Good
3,8,24,91,1,0,Good
7,9,30,70,1,1,Medium
3,4,21,96,0,0,Good
2,6,8,89,1,1,Good
6,7,30,51,1,0,Low
4,7,11,89,1,1,Good
8,9,17,94,0,0,Good
4,9,8,62,1,0,Medium
4,9,28,92,1,0,Good
2,5,30,54,0,1,Low
5,7,21,86,0,1,Good
6,5,23,65,1,0,Medium
7,5,2,83,0,0,Good
6,8,17,83,0,0,Good
3,8,14,76,1,0,Good
3,5,8,81,0,1,Good
6,6,19,81,0,1,Good
1,9,13,49,0,0,Low
1,7,14,74,1,1,Medium
10,9,22,61,0,0,Medium
2,8,28,91,0,1,Good
5,5,4,55,1,0,Low
8,9,9,74,1,0,Medium
8,7,20,93,1,0,Good
3,6,17,41,0,1,Low
5,6,20,58,1,1,Medium
9,7,29,74,1,1,Medium
9,6,19,77,0,0,Good
9,9,5,63,0,1,Medium
5,8,27,44,0,1,Low
2,9,1,65,0,0,Medium
6,8,16,81,0,1,Good
4,9,13,53,0,1,Low
5,4,15,42,0,0,Low
8,8,26,79,0,1,Good
4,5,23,71,1,0,Medium
8,8,24,87,0,0,Good
6,9,10,43,1,0,Low
1,9,15,63,0,1,Medium
7,6,2,68,1,0,Medium
10,7,23,73,0,1,Medium
10,7,12,48,1,0,Low
2,5,28,86,0,0,Good
2,7,20,93,1,0,Good
7,8,13,60,0,1,Medium
8,4,18,96,1,0,Good
5,8,26,54,1,0,Low
6,9,28,99,1,1,Good
8,5,22,73,0,0,Medium
6,7,10,44,0,0,Low
5,5,27,50,0,0,Low
6,4,28,42,1,0,Low
9,4,6,83,0,1,Good
3,6,11,85,0,0,Good
1,9,22,97,0,1,Good
7,5,13,77,0,1,Good
10,9,9,57,0,0,Medium
4,6,3,97,0,1,Good
10,4,25,69,0,1,Medium
5,7,8,43,1,0,Low
6,8,25,56,0,1,Medium
8,8,1,80,1,0,Good
10,9,2,79,1,0,Good
8,8,29,92,1,0,Good
2,7,21,90,1,1,Good
8,6,11,90,0,1,Good
5,7,29,63,0,0,Medium
10,8,12,73,1,0,Medium
9,5,12,83,0,1,Good
9,6,29,58,1,1,Medium
7,6,1,56,0,1,Medium
3,4,1,70,0,0,Medium
1,8,29,71,1,0,Medium
9,6,20,89,1,1,Good
7,7,3,79,0,1,Good
7,8,23,44,1,1,Low
8,9,19,100,0,1,Good
7,7,28,69,1,1,Medium
9,8,16,60,0,0,Medium
5,7,20,58,1,1,Medium
1,7,26,70,0,0,Medium
4,4,5,47,0,0,Low
3,7,29,79,0,1,Good
2,7,27,69,0,1,Medium
10,7,26,75,0,0,Medium
1,9,24,53,1,1,Low
9,5,15,64,0,1,Medium
3,4,8,68,0,0,Medium
5,4,6,76,0,1,Good
6,7,10,79,0,1,Good
2,5,15,49,1,1,Low
8,5,1,41,1,1,Low
10,4,28,82,0,1,Good
7,9,21,96,1,0,Good
6,8,22,71,1,0,Medium
3,9,25,93,0,1,Good
3,9,27,63,1,0,Medium
10,6,29,42,1,0,Low
2,4,3,55,1,1,Low
2,9,27,54,0,0,Low
8,7,27,83,0,1,Good
2,8,12,92,0,0,Good
7,5,21,85,0,1,Good
7,4,14,95,1,0,Good
2,8,22,52,1,0,Low
9,9,1,97,0,1,Good
8,5,29,72,0,1,Medium
2,5,2,78,0,1,Good
3,8,26,80,1,0,Good
2,9,1,90,1,1,Good
7,5,26,95,0,0,Good
2,7,4,88,1,0,Good
7,7,5,64,1,0,Medium
8,8,25,69,1,0,Medium
6,7,21,50,0,0,Low
1,6,9,69,0,1,Medium
7,7,16,68,0,1,Medium
10,7,15,70,1,1,Medium
9,6,13,53,0,1,Low
8,8,18,89,0,1,Good
2,8,8,68,0,0,Medium
8,4,30,70,0,0,Medium
9,7,8,86,1,1,Good
7,5,22,90,0,0,Good
10,6,26,44,1,1,Low
8,5,12,63,0,0,Medium
5,7,6,95,0,1,Good
1,9,12,44,0,1,Low
4,6,19,81,1,1,Good
6,6,8,96,0,1,Good
1,4,1,77,1,1,Good
3,8,2,43,1,1,Low
2,5,6,94,1,0,Good
6,9,24,83,0,1,Good
3,5,24,87,0,1,Good
7,4,9,58,0,0,Medium
9,8,3,83,1,0,Good
1,7,27,43,1,1,Low
2,7,29,92,1,0,Good
2,7,9,82,1,0,Good
1,4,8,48,1,0,Low
10,7,3,57,1,1,Medium
7,6,14,91,0,1,Good
4,6,25,92,0,0,Good
1,8,6,77,0,1,Good
4,7,23,79,0,0,Good
2,7,5,64,0,1,Medium
1,7,20,56,1,0,Medium
5,7,3,97,0,1,Good
5,6,1,58,1,0,Medium
1,7,20,61,0,1,Medium
2,4,11,43,0,0,Low
4,5,11,86,1,0,Good
1,5,12,54,0,0,Low
9,8,8,53,0,1,Low
1,9,6,49,1,0,Low
9,5,5,70,0,1,Medium
5,4,7,42,0,1,Low
5,7,17,52,0,0,Low
5,9,15,46,1,0,Low
10,9,12,41,1,1,Low
4,5,14,55,1,1,Low
8,9,1,82,1,1,Good
2,8,27,53,1,1,Low
9,7,27,73,1,0,Medium
2,9,27,96,0,1,Good
9,4,18,87,1,1,Good
8,5,9,60,0,0,Medium
5,6,25,82,0,0,Good
2,7,5,59,0,0,Medium
2,8,25,65,0,0,Medium
1,4,27,61,0,1,Medium
3,9,6,49,0,1,Low
8,8,23,95,0,1,Good
4,5,19,49,0,0,Low
4,7,14,51,1,0,Low
1,7,9,89,1,1,Good
9,7,24,48,0,1,Low
6,7,23,94,1,1,Good
10,4,28,79,1,0,Good
5,6,12,64,1,1,Medium
6,5,3,60,1,1,Medium
3,7,2,55,1,1,Low
10,4,17,50,0,0,Low
10,7,4,88,0,1,Good
7,9,10,78,0,1,Good
2,7,4,65,0,1,Medium
4,6,15,92,1,1,Good
10,8,18,99,1,0,Good
6,7,16,52,1,1,Low
1,9,16,67,0,1,Medium
2,9,30,59,1,0,Medium
7,4,30,83,0,1,Good
2,7,2,41,0,0,Low
8,7,11,87,0,1,Good
7,8,3,66,1,0,Medium
2,4,25,84,1,0,Good
7,6,16,60,0,0,Medium
10,8,22,80,0,1,Good
3,4,14,90,0,0,Good
3,7,2,97,1,1,Good
3,6,25,92,0,1,Good
9,9,23,90,1,0,Good
2,8,12,52,0,1,Low
4,5,29,74,0,1,Medium
9,8,28,62,1,1,Medium
1,4,7,41,1,1,Low
9,9,2,71,0,0,Medium
3,4,9,64,1,0,Medium
4,6,13,43,1,1,Low
6,5,25,76,0,1,Good
9,4,13,61,1,1,Medium
8,8,20,89,1,0,Good
10,6,15,48,1,1,Low
2,8,13,70,1,1,Medium
8,5,9,67,0,1,Medium
2,9,13,61,1,1,Medium
6,5,9,57,0,0,Medium
8,7,19,89,0,0,Good
1,6,16,54,1,0,Low
9,5,21,53,1,1,Low
1,4,1,100,1,1,Good
7,5,20,100,1,1,Good
3,5,25,49,0,1,Low
6,5,3,92,0,0,Good
6,5,21,85,0,1,Good
9,6,29,59,1,1,Medium
2,9,20,87,0,1,Good
9,6,2,86,0,0,Good
1,7,21,50,0,1,Low
4,8,9,87,0,0,Good
9,6,10,50,0,1,Low
1,7,15,98,0,0,Good
7,6,11,44,0,1,Low
4,6,19,73,0,1,Medium
7,5,11,48,0,0,Low
4,6,27,60,1,1,Medium
2,9,24,40,0,0,Low
8,6,21,69,0,0,Medium
3,8,16,46,0,0,Low
2,6,30,97,1,1,Good
2,7,24,95,1,0,Good
2,7,16,81,1,0,Good
10,9,14,68,0,0,Medium
8,8,20,66,0,1,Medium
9,8,2,75,0,1,Medium
8,4,21,49,1,1,Low
2,8,29,74,1,1,Medium
1,7,30,44,1,1,Low
9,4,25,93,1,0,Good
5,7,5,65,1,1,Medium
3,9,28,96,0,1,Good
1,8,5,95,0,0,Good
7,4,5,94,1,0,Good
3,4,20,62,1,1,Medium
10,6,10,55,0,0,Low
7,9,10,61,1,0,Medium
6,5,12,47,0,0,Low
6,8,1,100,0,1,Good
6,9,15,95,1,0,Good
6,9,21,46,1,0,Low
9,7,25,81,1,1,Good
9,6,24,67,1,0,Medium
5,5,2,60,1,1,Medium
9,6,8,95,1,0,Good
10,6,28,94,0,0,Good
9,4,18,84,1,0,Good
8,6,20,77,1,0,Good
10,9,14,70,0,0,Medium
3,5,18,56,0,1,Medium
10,8,29,71,0,0,Medium
1,7,3,89,1,1,Good
4,6,23,89,0,0,Good
2,8,25,56,1,0,Medium
7,8,25,44,0,1,Low
3,6,9,78,1,0,Good
9,9,5,50,1,0,Low
4,7,6,99,0,1,Good
6,9,3,88,1,0,Good
4,7,23,84,0,1,Good
8,7,23,74,0,1,Medium
2,8,24,91,1,0,Good
6,7,2,58,0,1,Medium
9,4,17,55,0,0,Low
2,9,13,77,1,0,Good
4,8,20,56,1,0,Medium
2,5,4,76,0,1,Good
10,9,10,89,1,0,Good
1,9,28,41,0,0,Low
8,6,13,76,1,0,Good
9,9,22,72,0,0,Medium
9,9,2,59,1,0,Medium
3,9,26,94,1,0,Good
2,9,25,87,1,0,Good
8,9,10,60,0,1,Medium
1,6,6,73,1,1,Medium
7,6,2,100,0,0,Good
3,5,15,80,0,1,Good
9,4,2,76,0,1,Good
9,8,19,90,0,0,Good
7,5,9,69,0,1,Medium
9,7,13,88,0,0,Good
8,4,17,80,0,1,Good
2,8,5,92,1,0,Good
9,4,16,71,0,1,Medium
3,9,23,65,1,0,Medium
4,7,27,40,0,1,Low
2,5,20,60,0,0,Medium
7,4,12,87,1,1,Good
8,7,13,52,0,0,Low
7,6,16,78,1,1,Good
10,6,1,45,0,1,Low
4,7,19,43,0,1,Low
6,5,13,87,1,0,Good
5,6,5,48,0,1,Low
5,6,2,73,0,0,Medium
5,6,15,75,1,0,Medium
4,7,27,80,1,1,Good
6,9,5,48,0,0,Low
2,4,26,87,0,0,Good
8,9,21,78,0,1,Good
5,4,4,92,0,0,Good
10,5,5,43,1,1,Low
9,9,25,43,0,1,Low
4,6,16,74,0,1,Medium
3,7,2,47,0,0,Low
6,6,10,52,1,0,Low
4,5,9,69,1,1,Medium
7,9,20,65,1,1,Medium
2,9,20,92,1,1,Good
10,7,23,46,0,1,Low
10,6,25,98,0,0,Good
3,5,28,70,1,1,Medium
5,7,5,65,0,0,Medium
10,4,15,78,1,0,Good
4,5,28,94,1,1,Good
10,7,24,67,0,1,Medium
7,6,12,65,0,0,Medium
2,7,3,72,0,1,Medium
5,8,8,94,0,1,Good
10,4,9,79,0,0,Good
7,9,11,59,1,0,Medium
9,6,13,97,0,0,Good
8,9,15,76,1,0,Good
6,6,21,72,0,1,Medium
2,4,26,78,0,0,Good
3,8,23,99,1,0,Good
2,8,8,70,0,1,Medium
8,6,11,98,0,1,Good
3,8,16,40,1,0,Low
7,7,21,60,1,0,Medium
9,8,5,54,1,1,Low
3,6,7,62,1,1,Medium
6,8,3,70,1,1,Medium
3,6,14,95,1,0,Good
2,9,7,59,0,0,Medium
7,5,28,40,1,1,Low
1,9,13,64,1,0,Medium
4,5,20,53,1,0,Low
10,4,25,62,1,0,Medium
1,5,16,95,1,1,Good
9,8,1,71,0,0,Medium
10,8,15,83,0,1,Good
2,6,7,100,0,0,Good
7,5,16,85,1,1,Good
2,4,16,97,0,0,Good
5,9,30,72,0,0,Medium
9,5,13,75,1,0,Medium
2,6,26,73,0,0,Medium
1,8,30,91,1,0,Good
9,8,24,58,1,0,Medium
9,9,22,77,1,0,Good
3,7,20,66,0,0,Medium
1,6,18,40,0,1,Low
10,7,7,83,0,1,Good
1,5,14,40,0,0,Low
1,4,13,47,0,1,Low
10,7,3,81,1,1,Good
2,5,15,44,0,1,Low
7,4,27,86,1,0,Good
6,4,2,90,0,1,Good
2,9,7,80,0,1,Good
9,4,8,91,1,1,Good
7,9,10,46,1,0,Low
9,5,3,67,1,1,Medium
3,7,29,71,0,1,Medium
5,9,19,52,0,1,Low
1,6,10,57,0,1,Medium
8,7,18,61,1,1,Medium
1,4,10,73,0,0,Medium
6,5,27,64,1,0,Medium
6,6,24,40,1,0,Low
6,7,7,71,1,1,Medium
9,4,29,73,0,1,Medium
3,4,11,71,1,1,Medium
9,6,24,76,1,1,Good
10,4,22,84,0,0,Good
4,6,21,48,0,0,Low
5,4,1,64,0,0,Medium
4,4,11,64,0,0,Medium
1,6,26,53,0,0,Low
6,4,12,79,1,0,Good
2,5,7,43,1,0,Low
4,5,6,87,1,0,Good
9,7,25,60,0,1,Medium
1,4,18,69,0,1,Medium
1,8,21,80,0,1,Good
7,9,5,90,0,1,Good
8,6,13,59,0,0,Medium
9,8,20,64,1,0,Medium
4,5,18,58,1,0,Medium
8,4,15,40,0,0,Low
10,9,15,54,1,0,Low
8,8,13,59,0,1,Medium
9,6,7,47,1,1,Low
6,7,28,76,1,0,Good
10,5,2,57,1,1,Medium
5,9,14,53,1,0,Low
6,5,9,84,1,0,Good
9,5,13,51,1,1,Low
5,8,27,49,0,0,Low
8,7,25,91,1,0,Good
2,8,29,52,1,1,Low
5,5,1,78,1,1,Good
10,5,1,94,1,1,Good
2,5,25,64,0,1,Medium
9,4,2,77,0,0,Good
7,7,6,43,1,0,Low
3,7,12,85,1,1,Good
3,8,29,89,1,1,Good
1,7,6,73,1,1,Medium
4,7,9,87,0,1,Good
7,8,23,100,0,1,Good
7,8,25,95,1,0,Good
5,9,10,91,0,1,Good
2,7,4,54,1,1,Low
7,4,24,91,0,0,Good
4,6,11,87,0,1,Good
3,5,21,78,0,1,Good
7,6,9,54,1,1,Low
2,9,6,89,0,0,Good
3,6,8,67,1,1,Medium
2,9,17,56,1,0,Medium
8,9,27,77,1,0,Good
6,6,1,77,0,0,Good
3,7,3,88,0,0,Good
9,4,1,87,1,1,Good
10,9,19,91,1,1,Good
2,8,22,51,0,0,Low
1,6,22,63,1,1,Medium
5,9,11,64,1,1,Medium
7,9,16,63,0,1,Medium
5,9,9,61,0,0,Medium
8,6,24,49,0,1,Low
1,9,12,81,1,1,Good
4,5,11,67,0,1,Medium
1,9,27,55,1,0,Low
9,7,14,92,0,1,Good
10,8,6,80,0,0,Good
9,6,18,92,0,1,Good
5,8,28,46,1,1,Low
9,8,28,87,0,0,Good
10,5,12,51,0,0,Low
7,5,22,80,0,0,Good
7,8,7,63,1,1,Medium
6,7,14,68,0,1,Medium
10,9,21,100,1,0,Good
4,4,5,95,1,1,Good
9,5,9,53,0,1,Low
5,5,14,77,1,0,Good
10,8,9,92,0,1,Good
1,5,14,43,1,1,Low
9,4,8,44,0,0,Low
8,8,17,62,1,0,Medium
5,7,19,79,0,0,Good
2,8,2,40,0,1,Low
5,6,6,66,1,0,Medium
9,4,14,82,1,0,Good
10,5,13,87,0,1,Good
8,7,4,46,0,1,Low
2,6,22,48,0,1,Low
2,4,11,62,1,1,Medium
3,6,19,81,1,1,Good
6,7,29,97,1,1,Good
6,9,21,51,0,1,Low
4,5,5,76,0,0,Good
2,8,28,80,0,1,Good
1,8,10,81,1,1,Good
3,6,25,98,0,1,Good
10,7,6,82,1,1,Good
7,6,9,68,0,0,Medium
6,8,17,83,1,1,Good
9,4,25,82,0,1,Good
8,5,15,93,1,0,Good
6,9,14,75,0,1,Medium
3,7,6,47,1,0,Low
8,9,3,58,0,1,Medium
10,7,15,46,1,0,Low
7,9,14,73,0,1,Medium
4,7,17,62,1,0,Medium
5,9,27,51,0,1,Low
8,8,22,69,1,1,Medium
6,9,4,53,0,0,Low
5,5,3,53,1,0,Low
8,6,9,44,1,1,Low
8,5,29,83,1,1,Good
4,9,30,54,0,1,Low
4,6,2,47,0,0,Low
9,7,8,48,0,1,Low
9,6,2,82,1,1,Good
6,6,7,52,1,1,Low
8,5,27,57,0,1,Medium
2,6,23,46,0,0,Low
10,5,17,61,1,0,Medium
5,6,5,60,1,1,Medium
2,6,25,85,0,0,Good
8,5,26,92,0,0,Good
2,5,13,57,0,1,Medium
10,8,5,85,1,1,Good
5,7,5,68,1,1,Medium
5,4,24,60,1,1,Medium
10,5,13,51,0,1,Low
6,4,19,68,1,0,Medium
6,5,10,53,1,0,Low
1,5,6,49,1,1,Low
2,9,22,63,1,1,Medium
9,9,14,52,1,1,Low
2,8,6,82,1,1,Good
4,4,20,82,0,0,Good
8,7,2,42,0,1,Low
7,9,15,41,0,1,Low
9,4,7,50,0,1,Low
8,8,9,64,0,1,Medium
10,4,6,40,1,0,Low
10,7,24,80,1,0,Good
6,8,24,51,0,0,Low
7,8,6,98,0,1,Good
5,7,29,98,1,1,Good
2,4,8,88,1,0,Good
10,7,10,77,1,0,Good
2,5,22,50,0,1,Low
4,8,5,85,0,0,Good
7,4,21,72,1,0,Medium
10,6,22,93,1,0,Good
5,7,16,51,0,1,Low
10,5,25,87,1,0,Good
9,4,10,95,0,0,Good
3,4,13,90,0,1,Good
10,6,28,50,1,0,Low
3,9,30,42,1,1,Low
10,8,28,52,0,1,Low
3,7,16,96,1,0,Good
1,4,5,86,1,0,Good
4,7,14,64,0,0,Medium
1,9,20,43,1,1,Low
8,4,9,87,1,0,Good
8,7,3,44,0,0,Low
6,6,10,42,0,1,Low
2,8,1,84,0,1,Good
4,5,18,76,1,1,Good
3,7,26,87,1,0,Good
7,9,30,94,1,1,Good
4,8,10,53,0,0,Low
5,4,15,71,0,1,Medium
8,6,13,100,0,1,Good
8,8,23,77,0,0,Good
9,4,29,83,0,1,Good
5,6,19,45,0,0,Low
1,7,21,94,1,0,Good
8,6,1,54,0,1,Low
3,5,9,54,0,1,Low
6,8,15,41,1,0,Low
8,5,28,43,0,1,Low
9,4,14,60,0,0,Medium
4,8,2,84,0,1,Good
2,5,25,45,1,0,Low
4,4,18,68,1,1,Medium
2,6,27,79,0,1,Good
10,7,5,57,0,1,Medium
5,4,24,73,0,1,Medium
9,7,23,97,0,1,Good
8,5,7,82,0,1,Good
6,5,12,59,0,0,Medium
6,9,19,65,1,0,Medium
6,9,30,63,1,0,Medium
4,8,16,50,1,1,Low
1,7,9,86,1,0,Good
5,4,9,73,1,0,Medium
2,5,22,83,0,0,Good
10,7,7,100,0,0,Good
1,9,15,44,0,1,Low
1,4,8,60,1,1,Medium
5,6,5,100,1,1,Good
8,5,18,51,0,1,Low
2,5,10,88,1,1,Good
6,4,20,60,0,1,Medium
6,8,12,75,1,0,Medium
6,5,2,48,0,1,Low
3,7,17,77,1,1,Good
3,8,7,91,1,1,Good
9,4,23,89,1,0,Good
3,8,3,73,1,0,Medium
6,9,19,85,1,1,Good
8,8,28,92,0,0,Good
7,9,22,60,0,1,Medium
6,6,16,49,1,0,Low
8,9,1,78,0,0,Good
9,6,5,60,0,0,Medium
2,4,23,96,1,1,Good
6,9,17,78,0,0,Good
5,6,4,61,0,1,Medium
8,9,20,71,1,0,Medium
1,5,21,97,0,0,Good
10,9,24,91,0,1,Good
4,8,6,48,0,1,Low
3,8,13,73,0,0,Medium
9,6,26,92,0,1,Good
5,9,2,55,1,1,Low
8,4,12,59,0,0,Medium
2,5,10,82,1,1,Good
4,5,29,100,1,0,Good
8,8,24,50,1,0,Low
5,7,22,82,1,0,Good
3,8,10,44,1,0,Low
9,8,22,62,0,0,Medium
2,5,4,76,1,1,Good
5,5,14,90,1,0,Good
8,8,3,86,1,0,Good
6,9,12,47,1,0,Low
3,6,6,51,1,0,Low
5,4,25,43,0,1,Low
5,9,18,79,0,1,Good
3,9,6,68,1,0,Medium
3,7,20,45,0,0,Low
4,5,14,78,1,1,Good
2,8,2,74,0,0,Medium
2,5,28,96,1,0,Good
4,7,9,97,0,1,Good
8,5,11,57,1,1,Medium
1,8,26,72,0,1,Medium
5,9,5,45,1,1,Low
1,7,18,97,1,1,Good
3,7,1,73,1,0,Medium
1,5,5,84,0,1,Good
5,4,2,94,1,0,Good
5,9,24,92,1,1,Good
5,7,2,85,1,0,Good
5,9,20,100,0,0,Good
4,4,12,94,1,0,Good
1,9,25,62,0,1,Medium
1,7,15,97,0,0,Good
7,8,4,93,0,1,Good
4,9,14,59,1,0,Medium
3,4,30,53,1,1,Low
1,5,8,55,0,1,Low
7,6,20,84,0,1,Good
3,6,1,85,0,0,Good
10,5,13,47,1,0,Low
5,6,29,41,1,0,Low
10,5,23,40,0,0,Low
1,6,6,86,1,0,Good
5,9,22,75,0,0,Medium
5,4,18,94,0,0,Good
1,6,6,82,1,1,Good
1,5,11,45,0,1,Low
4,5,13,78,0,0,Good
2,8,28,75,1,1,Medium
10,4,29,87,0,0,Good
1,5,13,79,1,0,Good
3,7,8,70,0,0,Medium
7,4,28,62,1,0,Medium
1,5,16,89,1,1,Good
7,9,13,99,0,1,Good
10,7,21,78,0,1,Good
2,8,16,65,0,1,Medium
3,6,7,93,0,0,Good
1,4,14,67,0,1,Medium
4,8,20,100,1,0,Good
1,5,23,92,1,1,Good
3,6,2,95,1,0,Good
2,6,3,90,1,1,Good
10,9,10,75,0,0,Medium
5,9,14,52,0,1,Low
4,6,26,48,1,0,Low
6,8,28,94,0,1,Good
2,9,20,57,1,1,Medium
2,6,4,59,0,1,Medium
8,8,1,80,0,0,Good
7,4,28,68,1,0,Medium
3,7,1,53,1,1,Low
7,7,8,47,0,0,Low
5,4,8,57,0,0,Medium
1,4,10,94,1,0,Good
6,8,27,60,1,1,Medium
10,6,6,54,0,0,Low
10,4,21,84,0,1,Good
10,7,19,47,0,1,Low
3,4,4,100,0,0,Good
10,8,11,83,0,0,Good
4,8,18,65,0,0,Medium
2,9,26,43,0,0,Low
9,9,2,41,0,1,Low
5,7,1,83,1,1,Good
4,8,27,48,1,1,Low
8,7,3,65,0,1,Medium
4,5,12,76,1,0,Good
9,5,23,75,1,1,Medium
7,4,11,57,1,1,Medium
7,4,12,42,0,0,Low
5,5,20,77,0,0,Good
6,9,24,73,0,1,Medium
10,5,9,50,0,1,Low
4,9,11,72,1,0,Medium
5,8,10,43,0,1,Low
3,5,9,99,1,1,Good
3,5,10,52,0,1,Low
10,5,20,52,1,0,Low
2,9,20,95,1,0,Good
5,6,1,93,0,1,Good
8,5,2,68,0,0,Medium
4,6,24,51,1,1,Low
3,4,12,49,1,0,Low
8,7,3,83,1,0,Good
7,7,7,94,0,0,Good
8,9,5,71,1,1,Medium
2,5,3,56,0,1,Medium
9,5,3,68,0,1,Medium
5,6,8,48,1,1,Low
9,7,25,80,1,0,Good
4,6,3,55,1,0,Low
6,5,9,85,0,0,Good
8,5,29,88,1,0,Good
3,5,7,70,1,1,Medium
1,4,12,74,1,1,Medium
4,6,6,46,0,0,Low
10,7,14,54,0,1,Low
6,6,13,53,1,0,Low
9,9,27,92,1,1,Good
9,8,23,46,0,0,Low
3,8,10,74,1,1,Medium
8,7,22,41,1,0,Low
6,8,28,95,1,1,Good
9,6,2,80,1,1,Good
10,9,9,51,0,1,Low
7,4,3,41,1,1,Low
8,9,15,68,0,1,Medium
2,7,29,44,1,1,Low
5,4,13,87,1,0,Good
9,4,13,88,0,0,Good
10,6,26,82,1,1,Good
7,6,6,52,0,1,Low
8,9,27,61,1,0,Medium
3,6,24,82,1,0,Good
7,9,30,92,0,1,Good
3,8,14,94,0,0,Good
2,9,30,77,1,1,Good
8,9,6,77,0,1,Good
3,9,6,92,0,1,Good
8,7,3,84,0,1,Good
1,6,16,89,1,1,Good
1,4,5,85,1,0,Good
8,8,3,59,1,0,Medium
8,7,5,71,0,1,Medium
8,9,22,80,1,0,Good
10,5,17,83,0,0,Good
10,8,21,60,1,0,Medium
6,4,29,94,1,0,Good
10,5,6,67,0,0,Medium
10,6,12,97,0,1,Good
9,7,20,84,1,0,Good
2,5,9,59,1,1,Medium
10,6,20,75,1,1,Medium
5,9,30,48,1,0,Low
1,7,11,86,0,1,Good
1,4,17,57,1,1,Medium
10,9,26,80,0,1,Good
6,7,13,73,1,1,Medium
3,9,27,83,1,0,Good
5,8,19,64,1,1,Medium
9,9,11,74,1,1,Medium
8,6,12,63,0,1,Medium
9,6,6,50,0,1,Low
10,8,10,69,1,1,Medium
6,6,17,48,1,1,Low
8,6,16,52,1,1,Low
4,6,11,51,0,0,Low
1,4,22,59,1,0,Medium
8,5,4,79,1,1,Good
7,7,8,60,1,0,Medium
9,6,19,62,1,1,Medium
3,6,4,86,1,1,Good
9,7,1,54,0,1,Low
1,4,19,86,1,1,Good
5,6,7,40,0,1,Low
10,5,5,56,1,0,Medium
4,4,14,87,1,0,Good
6,4,1,59,1,1,Medium
1,4,28,71,1,0,Medium
6,4,1,79,0,0,Good
7,4,23,62,1,0,Medium
6,9,8,87,0,1,Good
4,5,29,80,0,1,Good
3,9,2,57,0,0,Medium
3,6,19,69,1,0,Medium
3,4,29,49,0,1,Low
1,4,18,98,1,0,Good
6,8,12,77,1,1,Good
2,6,13,70,1,1,Medium
6,6,20,40,1,0,Low
7,8,18,89,1,0,Good
2,9,18,65,0,1,Medium
6,5,16,44,0,0,Low
1,7,16,56,1,1,Medium
6,8,14,67,0,0,Medium
2,4,30,94,0,1,Good
10,8,1,98,1,0,Good
3,9,28,100,1,1,Good
2,5,18,69,0,0,Medium
3,8,25,74,1,1,Medium
4,4,18,95,1,1,Good
6,9,20,43,0,1,Low
4,7,2,51,0,1,Low
3,4,22,89,1,1,Good
8,4,29,97,1,1,Good
4,7,4,60,1,0,Medium
3,5,17,42,0,1,Low
7,6,12,81,0,0,Good
5,8,14,51,0,1,Low
9,9,5,97,0,1,Good
5,9,27,50,0,1,Low
2,7,14,65,1,0,Medium
4,4,19,76,1,1,Good
3,9,8,88,0,1,Good
8,8,3,92,0,1,Good
2,8,6,82,0,1,Good
6,8,29,62,1,0,Medium
2,7,24,80,1,0,Good
1,5,15,79,1,0,Good
4,5,17,73,1,0,Medium
10,7,7,75,1,1,Medium
6,8,11,72,1,1,Medium
8,7,30,73,0,1,Medium
2,8,26,60,1,0,Medium
3,9,18,95,1,0,Good
5,8,14,94,0,0,Good
8,6,17,86,0,1,Good
9,6,30,80,1,1,Good
10,9,11,87,1,1,Good
10,5,18,64,1,0,Medium
2,6,28,41,1,1,Low
8,8,30,75,1,0,Medium
10,7,7,71,1,0,Medium
10,4,24,57,1,1,Medium
7,4,29,92,0,1,Good
7,7,23,97,1,0,Good
9,7,10,86,1,1,Good
2,9,26,42,0,1,Low
1,8,23,78,1,1,Good
4,8,20,50,0,1,Low
5,9,3,98,1,1,Good
7,6,8,71,0,1,Medium
4,8,27,68,0,0,Medium
5,6,6,62,0,0,Medium
2,8,24,41,0,0,Low
5,8,1,52,0,1,Low
9,8,25,80,1,1,Good
10,6,15,46,1,1,Low
6,9,1,66,1,1,Medium
1,8,30,48,1,0,Low
2,4,15,50,0,1,Low
4,8,5,47,0,1,Low
5,9,12,58,1,0,Medium
10,9,7,92,1,0,Good
4,6,29,62,0,1,Medium
6,9,1,78,0,1,Good
6,8,3,78,1,1,Good
8,7,21,85,1,1,Good
10,9,2,59,1,0,Medium
2,6,12,41,1,1,Low
10,8,26,79,1,0,Good
3,7,13,96,0,0,Good
6,4,27,89,0,0,Good
10,7,28,80,1,0,Good
3,6,20,61,1,0,Medium
7,6,19,92,1,0,Good
4,5,23,56,1,1,Medium
7,4,10,56,1,1,Medium
8,7,22,79,1,1,Good
1,6,13,72,0,1,Medium
5,7,10,82,0,0,Good
7,8,24,42,1,1,Low
4,4,22,92,0,1,Good
7,7,11,88,1,0,Good
10,9,28,60,1,1,Medium
2,8,1,55,1,1,Low
10,4,1,52,1,0,Low
5,7,16,83,1,0,Good
2,8,15,85,0,0,Good
9,5,2,58,1,0,Medium
5,7,8,47,1,0,Low
10,6,5,43,1,1,Low
7,4,10,100,1,1,Good
4,9,10,54,0,1,Low
5,5,30,44,1,1,Low
4,4,14,97,1,1,Good
8,5,21,79,1,0,Good
9,9,1,62,0,1,Medium
3,6,29,64,1,1,Medium
1,5,12,75,1,0,Medium
6,8,29,61,1,0,Medium
4,9,4,97,1,0,Good
6,8,15,57,1,1,Medium
4,6,4,89,1,1,Good
7,6,22,93,1,0,Good
2,6,11,59,0,1,Medium
10,7,18,100,1,0,Good
3,6,1,96,1,1,Good
10,5,10,95,0,0,Good
5,9,17,100,0,0,Good
1,9,24,70,1,0,Medium
2,8,24,98,1,0,Good
7,9,30,74,1,0,Medium
2,5,15,73,1,0,Medium
4,6,18,43,1,1,Low
1,7,4,54,0,1,Low
8,6,25,97,0,1,Good
2,7,2,61,0,0,Medium
7,5,25,52,1,0,Low
8,7,11,88,1,1,Good
4,5,15,55,0,0,Low
10,5,1,83,0,0,Good
2,6,7,88,0,1,Good
5,4,8,48,0,0,Low
8,6,10,70,0,1,Medium
5,4,23,97,1,1,Good
6,4,2,92,0,1,Good
1,8,21,88,1,0,Good
9,8,14,72,1,0,Medium
3,6,21,48,0,0,Low
1,4,1,84,1,1,Good
4,9,20,97,1,1,Good
9,8,9,59,0,1,Medium
7,9,19,60,1,1,Medium
2,8,10,68,0,1,Medium
9,4,14,44,1,0,Low
6,8,9,41,1,0,Low
4,4,28,92,1,1,Good
2,6,9,56,0,0,Medium
4,4,18,77,0,0,Good
10,4,20,65,1,0,Medium
8,8,2,95,1,1,Good
3,5,27,40,1,0,Low
9,9,5,91,0,1,Good
6,6,22,69,0,1,Medium
6,8,2,67,0,1,Medium
10,8,3,85,1,1,Good
10,5,13,64,0,1,Medium
4,8,21,49,1,0,Low
4,9,8,90,0,1,Good
4,6,13,66,1,0,Medium
8,8,1,89,1,1,Good
8,5,17,63,1,0,Medium
8,6,22,54,1,1,Low
5,7,6,90,1,1,Good
9,5,23,51,0,1,Low
3,5,8,70,0,1,Medium
4,9,4,76,0,0,Good
3,9,13,63,0,1,Medium
1,7,3,56,1,1,Medium
4,5,9,82,0,1,Good
7,5,11,45,1,0,Low
7,8,5,44,1,1,Low
3,4,29,44,1,1,Low
2,8,23,48,0,0,Low
3,8,16,63,0,0,Medium
4,5,14,48,1,0,Low
10,5,3,60,0,1,Medium
9,9,4,56,0,0,Medium
4,4,20,42,0,0,Low
1,7,15,75,0,0,Medium
3,8,19,52,0,1,Low
9,8,25,53,1,1,Low
2,7,30,97,1,0,Good
2,5,20,56,0,0,Medium
6,5,14,82,1,1,Good
6,9,1,41,1,0,Low
8,7,7,58,1,0,Medium
10,7,30,73,1,1,Medium
2,6,29,65,1,0,Medium
8,6,20,61,0,1,Medium
1,6,19,63,0,0,Medium
1,8,13,70,0,1,Medium
1,6,11,79,1,0,Good
3,8,25,65,1,0,Medium
1,6,10,75,0,1,Medium
9,6,7,88,0,0,Good
4,9,4,85,0,0,Good
1,5,3,49,0,0,Low
3,7,14,49,1,0,Low
10,9,19,65,1,0,Medium
1,6,7,43,0,1,Low
6,7,17,90,1,1,Good
9,7,17,69,0,1,Medium
7,8,27,78,0,1,Good
2,5,17,60,0,0,Medium
5,5,13,85,1,1,Good
10,4,4,89,1,0,Good
4,6,1,45,0,0,Low
10,9,7,60,1,1,Medium
10,7,29,83,0,0,Good
4,7,15,68,0,0,Medium
1,9,14,69,1,1,Medium
10,8,19,67,1,1,Medium
7,5,3,70,1,1,Medium
10,4,8,53,1,0,Low
1,5,26,75,1,1,Medium
8,7,11,89,1,1,Good
2,4,14,81,0,1,Good
2,6,30,51,0,1,Low
5,4,8,64,1,0,Medium
2,4,8,54,1,1,Low
3,9,29,92,0,1,Good
10,7,1,84,0,0,Good
7,8,3,91,1,1,Good
2,5,5,60,1,0,Medium
3,5,3,42,0,1,Low
1,4,19,45,1,1,Low
10,6,14,56,1,0,Medium
7,9,30,89,1,1,Good
2,9,27,97,0,1,Good
3,5,14,82,0,1,Good
8,6,2,80,1,1,Good
9,6,24,89,1,0,Good
9,9,25,67,0,1,Medium
7,5,28,96,0,1,Good
2,9,17,84,0,0,Good
4,6,16,97,1,1,Good
9,4,9,97,1,0,Good
5,9,23,56,0,0,Medium
7,5,25,66,1,1,Medium
1,9,30,81,1,1,Good
10,4,18,96,1,0,Good
5,5,30,78,0,1,Good
6,5,26,42,1,1,Low
6,5,3,66,0,0,Medium
7,8,5,51,1,0,Low
4,8,14,100,1,1,Good
6,7,13,42,0,1,Low
4,7,12,52,1,0,Low
6,5,7,88,0,0,Good
2,6,24,80,1,1,Good
9,7,9,89,0,0,Good
10,5,21,58,0,1,Medium
8,9,20,63,0,0,Medium
6,9,10,85,1,0,Good
10,4,4,57,1,0,Medium
6,7,1,51,1,1,Low
5,5,30,83,0,1,Good
7,6,9,84,1,1,Good
9,9,16,42,0,0,Low
6,8,25,54,1,1,Low
8,4,22,98,0,1,Good
4,6,2,91,1,0,Good
9,7,19,94,1,0,Good
3,9,13,64,0,1,Medium
1,8,25,87,0,0,Good
5,7,27,70,0,0,Medium
5,8,27,92,0,0,Good
2,7,30,52,0,0,Low
7,7,10,51,0,0,Low
5,7,9,65,0,1,Medium
1,9,26,98,1,1,Good
9,7,4,44,1,0,Low
5,8,5,64,0,1,Medium
2,7,22,82,0,0,Good
3,7,1,86,1,1,Good
6,8,24,57,0,0,Medium
3,6,13,89,1,0,Good
5,4,25,40,0,0,Low
8,8,26,53,0,0,Low
5,6,28,81,1,0,Good
9,5,16,96,1,1,Good
3,9,3,58,1,1,Medium
4,6,14,61,1,0,Medium
3,5,8,99,0,0,Good
3,4,26,62,1,1,Medium
10,9,26,83,0,0,Good
1,6,5,54,0,0,Low
2,6,17,86,1,0,Good
4,7,13,95,1,1,Good
1,8,30,67,0,1,Medium
9,7,23,77,1,1,Good
5,8,9,94,1,1,Good
4,7,21,94,0,0,Good
10,4,6,53,0,0,Low
4,6,10,59,1,0,Medium
9,9,2,94,0,0,Good
8,5,28,90,1,1,Good
1,8,8,63,0,1,Medium
3,8,20,66,1,0,Medium
6,5,5,97,0,1,Good
3,4,18,52,1,0,Low
9,6,1,50,1,1,Low
5,9,29,91,0,0,Good
10,4,1,50,0,1,Low
2,5,1,46,1,0,Low
7,6,28,88,1,0,Good
4,6,20,47,1,0,Low
3,4,23,68,1,1,Medium
3,7,2,90,1,0,Good
7,4,13,72,0,0,Medium
5,5,21,82,0,1,Good
5,7,15,54,1,1,Low
7,7,3,68,1,0,Medium
1,5,25,88,0,1,Good
10,9,20,91,0,0,Good
6,5,26,91,0,0,Good
8,4,4,93,0,1,Good
10,9,13,92,1,0,Good
9,9,5,65,0,1,Medium
3,7,24,79,0,1,Good
4,9,4,89,1,1,Good
5,9,15,62,0,1,Medium
4,5,5,51,1,1,Low
8,5,27,71,0,0,Medium
2,6,29,46,0,1,Low
3,4,2,57,0,0,Medium
5,9,6,99,1,0,Good
1,6,30,83,0,1,Good
9,7,24,57,1,0,Medium
7,4,28,46,1,0,Low
4,7,24,43,1,0,Low
1,6,20,84,1,1,Good
7,6,27,78,0,1,Good
3,8,3,44,1,1,Low
7,6,7,51,0,0,Low
4,6,18,73,0,0,Medium
10,8,30,83,1,1,Good
5,7,17,80,1,1,Good
1,6,3,57,1,0,Medium
3,4,29,94,0,1,Good
8,6,5,45,0,1,Low
6,7,1,46,0,0,Low
10,9,8,63,1,0,Medium
8,7,10,91,1,1,Good
4,8,17,96,0,1,Good
8,7,16,47,0,0,Low
7,6,19,45,0,1,Low
4,6,9,95,0,1,Good
10,4,14,69,0,0,Medium
6,6,15,84,1,0,Good
8,4,15,66,1,0,Medium
4,9,8,94,0,1,Good
5,8,17,92,1,0,Good
2,8,6,44,0,1,Low
8,4,24,46,1,1,Low
2,8,4,45,1,0,Low
2,9,30,93,0,0,Good
6,5,1,96,1,1,Good
10,5,25,88,1,0,Good
4,5,24,41,1,1,Low
7,4,27,69,0,0,Medium
1,5,22,81,0,0,Good
10,7,12,78,0,1,Good
3,9,8,40,1,1,Low
8,7,22,42,0,0,Low
10,7,14,68,1,1,Medium
8,4,7,55,1,1,Low
8,6,30,60,0,1,Medium
4,5,29,86,1,1,Good
4,4,14,51,1,0,Low
3,8,18,99,0,1,Good
4,8,10,73,0,0,Medium
9,9,11,46,0,1,Low
8,7,19,78,1,0,Good
5,6,20,41,0,0,Low
5,4,20,75,0,1,Medium
1,6,20,96,1,1,Good
3,6,12,55,1,0,Low
5,6,10,99,1,1,Good
9,8,25,59,0,1,Medium
2,7,13,92,1,0,Good
9,6,27,70,1,0,Medium
5,9,20,42,0,0,Low
7,5,2,88,0,1,Good
3,6,10,51,0,1,Low
2,4,11,87,0,1,Good
10,6,17,100,0,1,Good
1,6,18,88,0,1,Good
3,6,7,77,1,0,Good
7,6,28,56,1,0,Medium
10,8,18,42,1,0,Low
7,4,26,73,0,1,Medium
7,8,3,45,1,1,Low
3,8,13,78,0,1,Good
8,7,26,53,0,1,Low
9,5,28,65,0,1,Medium
8,5,15,82,1,0,Good
7,4,30,59,0,1,Medium
5,6,30,87,1,1,Good
4,7,26,50,1,0,Low
8,4,21,95,1,0,Good
8,9,26,60,0,0,Medium
8,6,6,43,0,0,Low
9,9,22,85,1,1,Good
5,4,9,88,1,1,Good
4,6,15,82,0,0,Good
8,6,25,64,1,1,Medium
6,9,11,47,0,0,Low
1,6,7,81,0,0,Good
9,6,24,60,0,0,Medium
8,5,14,46,0,0,Low
3,4,4,44,0,1,Low
8,7,26,50,1,1,Low
6,8,19,43,1,1,Low
1,7,19,65,0,1,Medium
7,5,28,96,1,0,Good
8,9,20,56,1,1,Medium
1,7,4,57,0,1,Medium
6,7,7,49,0,1,Low
3,7,17,56,1,0,Medium
1,5,26,90,1,1,Good
3,4,10,77,0,1,Good
4,8,2,56,0,0,Medium
3,6,8,47,1,1,Low
4,9,3,54,0,1,Low
5,7,23,68,0,1,Medium
7,5,2,99,1,1,Good
6,5,13,59,1,0,Medium
5,4,4,92,1,0,Good
3,6,24,85,0,0,Good
7,6,3,77,1,0,Good
10,7,28,61,0,1,Medium
6,4,2,59,0,1,Medium
6,9,9,84,0,1,Good
1,9,30,89,0,0,Good
3,4,29,54,0,0,Low
10,6,10,72,1,0,Medium
8,6,28,76,1,1,Good
9,9,18,82,1,0,Good
4,9,28,96,0,0,Good
2,9,4,71,1,1,Medium
8,6,13,100,1,0,Good
1,7,11,51,1,0,Low
4,8,26,65,0,1,Medium
10,6,27,45,0,1,Low
3,4,8,86,1,1,Good
10,7,24,48,1,1,Low
1,4,25,61,1,1,Medium
1,7,3,50,1,1,Low
2,7,3,78,0,1,Good
7,7,6,92,0,1,Good
1,9,12,44,0,1,Low
2,5,22,95,0,1,Good
10,4,7,97,0,1,Good
5,6,9,78,1,0,Good
10,5,14,69,1,0,Medium
4,9,19,49,1,0,Low
9,4,5,97,0,1,Good
4,5,20,62,0,0,Medium
6,4,18,100,1,0,Good
4,5,8,49,0,0,Low
4,9,7,41,0,1,Low
2,7,19,92,1,1,Good
5,4,27,79,0,0,Good
5,5,14,50,0,1,Low
5,6,5,49,0,0,Low
2,6,23,79,1,1,Good
1,9,14,68,1,1,Medium
9,4,17,82,0,0,Good
6,7,9,68,1,0,Medium
2,5,13,64,0,1,Medium
4,7,13,47,1,0,Low
6,4,13,42,0,1,Low
2,5,18,54,0,1,Low
10,5,28,99,1,0,Good
9,4,18,67,1,1,Medium
4,7,23,83,1,0,Good
5,9,21,43,0,0,Low
